name;suspiciousness_value
org.apache.commons.lang3.time$FastDateParser$TimeZoneStrategy#setCalendar(org.apache.commons.lang3.time.FastDateParser,java.util.Calendar,java.lang.String):724;1.0
org.apache.commons.lang3.time$FastDateParser$TimeZoneStrategy#setCalendar(org.apache.commons.lang3.time.FastDateParser,java.util.Calendar,java.lang.String):725;1.0
org.apache.commons.lang3.time$FastDateParser$TimeZoneStrategy#setCalendar(org.apache.commons.lang3.time.FastDateParser,java.util.Calendar,java.lang.String):720;1.220703125E-4
org.apache.commons.lang3.time$FastDateParser$TimeZoneStrategy#setCalendar(org.apache.commons.lang3.time.FastDateParser,java.util.Calendar,java.lang.String):721;1.220703125E-4
org.apache.commons.lang3.time$FastDateParser$3#modify(int):749;3.684710016648701E-11
org.apache.commons.lang3.time$FastDateParser$TimeZoneStrategy#setCalendar(org.apache.commons.lang3.time.FastDateParser,java.util.Calendar,java.lang.String):717;8.73111137957162E-13
org.apache.commons.lang3.time$FastDateParser$TimeZoneStrategy#setCalendar(org.apache.commons.lang3.time.FastDateParser,java.util.Calendar,java.lang.String):718;8.73111137957162E-13
org.apache.commons.lang3.time$FastDateParser$TimeZoneStrategy#setCalendar(org.apache.commons.lang3.time.FastDateParser,java.util.Calendar,java.lang.String):729;8.73111137957162E-13
org.apache.commons.lang3.time$FastDateParser$TimeZoneStrategy#setCalendar(org.apache.commons.lang3.time.FastDateParser,java.util.Calendar,java.lang.String):730;8.73111137957162E-13
org.apache.commons.lang3.time$FastDateParser#getStrategy(java.lang.String,java.util.Calendar):450;5.209868481924387E-13
org.apache.commons.lang3.time$FastDatePrinter#parsePattern():232;5.168114461554615E-13
org.apache.commons.lang3.time$FastDatePrinter#parsePattern():233;5.168114461554615E-13
org.apache.commons.lang3.time$FastDateParser$2#modify(int):736;1.1652098252115008E-14
org.apache.commons.lang3.time$FastDateFormat#parse(java.lang.String):472;6.442870512941122E-16
org.apache.commons.lang3.time$FastDateParser#parse(java.lang.String):256;4.055232839117445E-16
org.apache.commons.lang3.time$FastDateParser#parse(java.lang.String,java.text.ParsePosition):278;3.1268596458781174E-16
org.apache.commons.lang3.time$FastDateParser#parse(java.lang.String,java.text.ParsePosition):279;3.1268596458781174E-16
org.apache.commons.lang3.time$FastDateParser#parse(java.lang.String,java.text.ParsePosition):281;3.1268596458781174E-16
org.apache.commons.lang3.time$FastDateParser#parse(java.lang.String,java.text.ParsePosition):282;3.1268596458781174E-16
org.apache.commons.lang3.time$FastDateParser#parse(java.lang.String,java.text.ParsePosition):283;3.1268596458781174E-16
org.apache.commons.lang3.time$FastDateParser#parse(java.lang.String,java.text.ParsePosition):284;3.1268596458781174E-16
org.apache.commons.lang3.time$FastDateParser#parse(java.lang.String,java.text.ParsePosition):285;3.1268596458781174E-16
org.apache.commons.lang3.time$FastDateParser#parse(java.lang.String,java.text.ParsePosition):286;3.1268596458781174E-16
org.apache.commons.lang3.time$FastDateParser$NumberStrategy#setCalendar(org.apache.commons.lang3.time.FastDateParser,java.util.Calendar,java.lang.String):641;3.1268596458781174E-16
org.apache.commons.lang3.time$FastDateParser$NumberStrategy#setCalendar(org.apache.commons.lang3.time.FastDateParser,java.util.Calendar,java.lang.String):642;3.1268596458781174E-16
org.apache.commons.lang3.time$FastDateParser$NumberStrategy#modify(int):650;3.1268596458781174E-16
org.apache.commons.lang3.time$FastDateParser#parse(java.lang.String):246;2.42553918571127E-16
org.apache.commons.lang3.time$FastDateParser#parse(java.lang.String):247;2.42553918571127E-16
org.apache.commons.lang3.time$FastDateParser#parse(java.lang.String,java.text.ParsePosition):272;1.8923340254913864E-16
org.apache.commons.lang3.time$FastDateParser#parse(java.lang.String,java.text.ParsePosition):273;1.8923340254913864E-16
org.apache.commons.lang3.time$FastDateParser#parse(java.lang.String,java.text.ParsePosition):274;1.8923340254913864E-16
org.apache.commons.lang3.time$FastDateParser#getStrategy(java.lang.String,java.util.Calendar):429;1.6918865087783462E-17
org.apache.commons.lang3.time$FastDateParser#getStrategy(java.lang.String,java.util.Calendar):430;1.6918865087783462E-17
org.apache.commons.lang3.time$FastDateParser#getStrategy(java.lang.String,java.util.Calendar):444;9.511739200174822E-18
org.apache.commons.lang3.time$FastDateParser#getStrategy(java.lang.String,java.util.Calendar):464;5.502943083310864E-18
org.apache.commons.lang3.time$FastDateParser#getStrategy(java.lang.String,java.util.Calendar):471;2.7609155426918443E-18
org.apache.commons.lang3.time$FastDateParser$TimeZoneStrategy#FastDateParser$TimeZoneStrategy(java.util.Locale):680;2.7609155426918443E-18
org.apache.commons.lang3.time$FastDateParser$TimeZoneStrategy#FastDateParser$TimeZoneStrategy(java.util.Locale):674;2.7609155426918443E-18
org.apache.commons.lang3.time$FastDateParser$TimeZoneStrategy#FastDateParser$TimeZoneStrategy(java.util.Locale):681;2.7609155426918443E-18
org.apache.commons.lang3.time$FastDateParser$TimeZoneStrategy#FastDateParser$TimeZoneStrategy(java.util.Locale):682;2.7609155426918443E-18
org.apache.commons.lang3.time$FastDateParser$TimeZoneStrategy#FastDateParser$TimeZoneStrategy(java.util.Locale):683;2.7609155426918443E-18
org.apache.commons.lang3.time$FastDateParser$TimeZoneStrategy#FastDateParser$TimeZoneStrategy(java.util.Locale):685;2.7609155426918443E-18
org.apache.commons.lang3.time$FastDateParser$TimeZoneStrategy#FastDateParser$TimeZoneStrategy(java.util.Locale):686;2.7609155426918443E-18
org.apache.commons.lang3.time$FastDateParser$TimeZoneStrategy#FastDateParser$TimeZoneStrategy(java.util.Locale):687;2.7609155426918443E-18
org.apache.commons.lang3.time$FastDateParser$TimeZoneStrategy#FastDateParser$TimeZoneStrategy(java.util.Locale):688;2.7609155426918443E-18
org.apache.commons.lang3.time$FastDateParser$TimeZoneStrategy#FastDateParser$TimeZoneStrategy(java.util.Locale):689;2.7609155426918443E-18
org.apache.commons.lang3.time$FastDateParser$TimeZoneStrategy#FastDateParser$TimeZoneStrategy(java.util.Locale):690;2.7609155426918443E-18
org.apache.commons.lang3.time$FastDateParser$TimeZoneStrategy#FastDateParser$TimeZoneStrategy(java.util.Locale):693;2.7609155426918443E-18
org.apache.commons.lang3.time$FastDateParser$TimeZoneStrategy#FastDateParser$TimeZoneStrategy(java.util.Locale):694;2.7609155426918443E-18
org.apache.commons.lang3.time$FastDateParser$TimeZoneStrategy#FastDateParser$TimeZoneStrategy(java.util.Locale):695;2.7609155426918443E-18
org.apache.commons.lang3.time$FastDateParser$TimeZoneStrategy#FastDateParser$TimeZoneStrategy(java.util.Locale):696;2.7609155426918443E-18
org.apache.commons.lang3.time$FastDateParser$TimeZoneStrategy#FastDateParser$TimeZoneStrategy(java.util.Locale):697;2.7609155426918443E-18
org.apache.commons.lang3.time$FastDateParser$TimeZoneStrategy#FastDateParser$TimeZoneStrategy(java.util.Locale):698;2.7609155426918443E-18
org.apache.commons.lang3.time$FastDateParser$TimeZoneStrategy#FastDateParser$TimeZoneStrategy(java.util.Locale):699;2.7609155426918443E-18
org.apache.commons.lang3.time$FastDateParser$TimeZoneStrategy#FastDateParser$TimeZoneStrategy(java.util.Locale):700;2.7609155426918443E-18
org.apache.commons.lang3.time$FastDateParser$TimeZoneStrategy#addRegex(org.apache.commons.lang3.time.FastDateParser,java.lang.StringBuilder):707;2.7609155426918443E-18
org.apache.commons.lang3.time$FastDateParser$TimeZoneStrategy#addRegex(org.apache.commons.lang3.time.FastDateParser,java.lang.StringBuilder):708;2.7609155426918443E-18
org.apache.commons.lang3.time$FastDateParser#escapeRegex(java.lang.StringBuilder,java.lang.String,boolean):305;1.4427492433054959E-18
org.apache.commons.lang3.time$FastDateParser#getCache(int):484;5.825347916465403E-19
org.apache.commons.lang3.time$FastDateParser#getCache(int):485;5.825347916465403E-19
org.apache.commons.lang3.time$FastDateParser#getCache(int):486;5.825347916465403E-19
org.apache.commons.lang3.time$FastDateParser#getCache(int):488;5.825347916465403E-19
org.apache.commons.lang3.time$FastDateParser#getLocaleSpecificStrategy(int,java.util.Calendar):499;5.825347916465403E-19
org.apache.commons.lang3.time$FastDateParser#getLocaleSpecificStrategy(int,java.util.Calendar):500;5.825347916465403E-19
org.apache.commons.lang3.time$FastDateParser#getLocaleSpecificStrategy(int,java.util.Calendar):501;5.825347916465403E-19
org.apache.commons.lang3.time$FastDateParser#getLocaleSpecificStrategy(int,java.util.Calendar):502;5.825347916465403E-19
org.apache.commons.lang3.time$FastDateParser#getLocaleSpecificStrategy(int,java.util.Calendar):505;5.825347916465403E-19
org.apache.commons.lang3.time$FastDateParser#getLocaleSpecificStrategy(int,java.util.Calendar):506;5.825347916465403E-19
org.apache.commons.lang3.time$FastDateParser#getLocaleSpecificStrategy(int,java.util.Calendar):510;5.825347916465403E-19
org.apache.commons.lang3.time$FastDateParser#getStrategy(java.lang.String,java.util.Calendar):462;3.3090255453122003E-19
org.apache.commons.lang3.time$FastDatePrinter#parsePattern():267;2.427892803072057E-19
org.apache.commons.lang3.time$FastDatePrinter#parseToken(java.lang.String,int[]):328;1.504119546256782E-19
org.apache.commons.lang3.time$FastDatePrinter#parseToken(java.lang.String,int[]):333;1.504119546256782E-19
org.apache.commons.lang3.time$FastDatePrinter#parsePattern():223;1.1929096593037468E-19
org.apache.commons.lang3.time$FastDatePrinter#parsePattern():224;1.1929096593037468E-19
org.apache.commons.lang3.time$FastDatePrinter#parsePattern():266;9.506281540908152E-20
org.apache.commons.lang3.time$FastDatePrinter$TimeZoneNumberRule#FastDatePrinter$TimeZoneNumberRule(boolean):1168;9.506281540908152E-20
org.apache.commons.lang3.time$FastDatePrinter$TimeZoneNumberRule#FastDatePrinter$TimeZoneNumberRule(boolean):1169;9.506281540908152E-20
org.apache.commons.lang3.time$FastDatePrinter$TimeZoneNumberRule#FastDatePrinter$TimeZoneNumberRule(boolean):1170;9.506281540908152E-20
org.apache.commons.lang3.time$FastDatePrinter$TimeZoneNumberRule#<clinit>():1158;9.506281540908152E-20
org.apache.commons.lang3.time$FastDatePrinter$TimeZoneNumberRule#<clinit>():1159;9.506281540908152E-20
org.apache.commons.lang3.time$FastDatePrinter$TimeZoneNumberRule#estimateLength():1177;9.506281540908152E-20
org.apache.commons.lang3.time$FastDateFormat#getInstance(java.lang.String,java.util.TimeZone,java.util.Locale):165;7.610403110392065E-20
org.apache.commons.lang3.time$FastDatePrinter#parsePattern():229;6.119549820668519E-20
org.apache.commons.lang3.time$FastDatePrinter#parsePattern():230;6.119549820668519E-20
org.apache.commons.lang3.time$FastDateParser#getStrategy(java.lang.String,java.util.Calendar):456;1.6519009501007913E-20
org.apache.commons.lang3.time$FastDateParser#getStrategy(java.lang.String,java.util.Calendar):448;1.0941261743850071E-20
org.apache.commons.lang3.time$FastDateParser#getStrategy(java.lang.String,java.util.Calendar):468;1.0941261743850071E-20
org.apache.commons.lang3.time$FastDateParser#init():141;9.89386570318906E-21
org.apache.commons.lang3.time$FastDateParser$CopyQuotedStrategy#isNumber():532;9.89386570318906E-21
org.apache.commons.lang3.time$FastDateParser$CopyQuotedStrategy#isNumber():533;9.89386570318906E-21
org.apache.commons.lang3.time$FastDateParser$CopyQuotedStrategy#isNumber():536;9.89386570318906E-21
org.apache.commons.lang3.time$FastDatePrinter#parsePattern():226;8.52426097187683E-21
org.apache.commons.lang3.time$FastDatePrinter#parsePattern():227;8.52426097187683E-21
org.apache.commons.lang3.time$FastDateParser#init():132;7.35547108624672E-21
org.apache.commons.lang3.time$FastDateParser#escapeRegex(java.lang.StringBuilder,java.lang.String,boolean):300;7.35547108624672E-21
org.apache.commons.lang3.time$FastDateParser#escapeRegex(java.lang.StringBuilder,java.lang.String,boolean):301;7.35547108624672E-21
org.apache.commons.lang3.time$FastDateParser#escapeRegex(java.lang.StringBuilder,java.lang.String,boolean):302;7.35547108624672E-21
org.apache.commons.lang3.time$FastDateParser#escapeRegex(java.lang.StringBuilder,java.lang.String,boolean):303;7.35547108624672E-21
org.apache.commons.lang3.time$FastDateParser#escapeRegex(java.lang.StringBuilder,java.lang.String,boolean):331;7.35547108624672E-21
org.apache.commons.lang3.time$FastDateParser#escapeRegex(java.lang.StringBuilder,java.lang.String,boolean):333;7.35547108624672E-21
org.apache.commons.lang3.time$FastDateParser#escapeRegex(java.lang.StringBuilder,java.lang.String,boolean):334;7.35547108624672E-21
org.apache.commons.lang3.time$FastDateParser#getStrategy(java.lang.String,java.util.Calendar):434;7.35547108624672E-21
org.apache.commons.lang3.time$FastDateParser$CopyQuotedStrategy#FastDateParser$CopyQuotedStrategy(java.lang.String):523;7.35547108624672E-21
org.apache.commons.lang3.time$FastDateParser$CopyQuotedStrategy#FastDateParser$CopyQuotedStrategy(java.lang.String):524;7.35547108624672E-21
org.apache.commons.lang3.time$FastDateParser$CopyQuotedStrategy#FastDateParser$CopyQuotedStrategy(java.lang.String):525;7.35547108624672E-21
org.apache.commons.lang3.time$FastDateParser$CopyQuotedStrategy#addRegex(org.apache.commons.lang3.time.FastDateParser,java.lang.StringBuilder):544;7.35547108624672E-21
org.apache.commons.lang3.time$FastDateParser$CopyQuotedStrategy#addRegex(org.apache.commons.lang3.time.FastDateParser,java.lang.StringBuilder):545;7.35547108624672E-21
org.apache.commons.lang3.time$FastDateParser#FastDateParser(java.lang.String,java.util.TimeZone,java.util.Locale):97;6.062641137990172E-21
org.apache.commons.lang3.time$FastDateParser#FastDateParser(java.lang.String,java.util.TimeZone,java.util.Locale):98;6.062641137990172E-21
org.apache.commons.lang3.time$FastDateParser#FastDateParser(java.lang.String,java.util.TimeZone,java.util.Locale):99;6.062641137990172E-21
org.apache.commons.lang3.time$FastDateParser#FastDateParser(java.lang.String,java.util.TimeZone,java.util.Locale):100;6.062641137990172E-21
org.apache.commons.lang3.time$FastDateParser#FastDateParser(java.lang.String,java.util.TimeZone,java.util.Locale):101;6.062641137990172E-21
org.apache.commons.lang3.time$FastDateParser#FastDateParser(java.lang.String,java.util.TimeZone,java.util.Locale):102;6.062641137990172E-21
org.apache.commons.lang3.time$FastDateParser#init():109;6.062641137990172E-21
org.apache.commons.lang3.time$FastDateParser#init():110;6.062641137990172E-21
org.apache.commons.lang3.time$FastDateParser#init():112;6.062641137990172E-21
org.apache.commons.lang3.time$FastDateParser#init():113;6.062641137990172E-21
org.apache.commons.lang3.time$FastDateParser#init():115;6.062641137990172E-21
org.apache.commons.lang3.time$FastDateParser#init():116;6.062641137990172E-21
org.apache.commons.lang3.time$FastDateParser#init():121;6.062641137990172E-21
org.apache.commons.lang3.time$FastDateParser#init():122;6.062641137990172E-21
org.apache.commons.lang3.time$FastDateParser#init():124;6.062641137990172E-21
org.apache.commons.lang3.time$FastDateParser#init():125;6.062641137990172E-21
org.apache.commons.lang3.time$FastDateParser#init():126;6.062641137990172E-21
org.apache.commons.lang3.time$FastDateParser#init():127;6.062641137990172E-21
org.apache.commons.lang3.time$FastDateParser#init():129;6.062641137990172E-21
org.apache.commons.lang3.time$FastDateParser#init():130;6.062641137990172E-21
org.apache.commons.lang3.time$FastDateParser#init():131;6.062641137990172E-21
org.apache.commons.lang3.time$FastDateParser#init():134;6.062641137990172E-21
org.apache.commons.lang3.time$FastDateParser#init():135;6.062641137990172E-21
org.apache.commons.lang3.time$FastDateParser#init():136;6.062641137990172E-21
org.apache.commons.lang3.time$FastDateParser#init():137;6.062641137990172E-21
org.apache.commons.lang3.time$FastDateParser#init():140;6.062641137990172E-21
org.apache.commons.lang3.time$FastDateParser#init():143;6.062641137990172E-21
org.apache.commons.lang3.time$FastDateParser#init():144;6.062641137990172E-21
org.apache.commons.lang3.time$FastDateParser#init():145;6.062641137990172E-21
org.apache.commons.lang3.time$FastDateParser#init():146;6.062641137990172E-21
org.apache.commons.lang3.time$FastDateParser#isNextNumber():367;6.062641137990172E-21
org.apache.commons.lang3.time$FastDateParser#getStrategy(java.lang.String,java.util.Calendar):427;6.062641137990172E-21
org.apache.commons.lang3.time$FastDateParser$NumberStrategy#addRegex(org.apache.commons.lang3.time.FastDateParser,java.lang.StringBuilder):627;6.062641137990172E-21
org.apache.commons.lang3.time$FastDateParser$NumberStrategy#addRegex(org.apache.commons.lang3.time.FastDateParser,java.lang.StringBuilder):631;6.062641137990172E-21
org.apache.commons.lang3.time$FastDateParser$NumberStrategy#addRegex(org.apache.commons.lang3.time.FastDateParser,java.lang.StringBuilder):633;6.062641137990172E-21
org.apache.commons.lang3.time$FastDateParser#<clinit>():73;5.0137539016453396E-21
org.apache.commons.lang3.time$FastDateParser#<clinit>():417;5.0137539016453396E-21
org.apache.commons.lang3.time$FastDateParser#<clinit>():476;5.0137539016453396E-21
org.apache.commons.lang3.time$FastDateParser#<clinit>():654;5.0137539016453396E-21
org.apache.commons.lang3.time$FastDateParser#<clinit>():733;5.0137539016453396E-21
org.apache.commons.lang3.time$FastDateParser#<clinit>():739;5.0137539016453396E-21
org.apache.commons.lang3.time$FastDateParser#<clinit>():740;5.0137539016453396E-21
org.apache.commons.lang3.time$FastDateParser#<clinit>():741;5.0137539016453396E-21
org.apache.commons.lang3.time$FastDateParser#<clinit>():742;5.0137539016453396E-21
org.apache.commons.lang3.time$FastDateParser#<clinit>():743;5.0137539016453396E-21
org.apache.commons.lang3.time$FastDateParser#<clinit>():744;5.0137539016453396E-21
org.apache.commons.lang3.time$FastDateParser#<clinit>():745;5.0137539016453396E-21
org.apache.commons.lang3.time$FastDateParser#<clinit>():746;5.0137539016453396E-21
org.apache.commons.lang3.time$FastDateParser#<clinit>():752;5.0137539016453396E-21
org.apache.commons.lang3.time$FastDateParser#<clinit>():758;5.0137539016453396E-21
org.apache.commons.lang3.time$FastDateParser#<clinit>():759;5.0137539016453396E-21
org.apache.commons.lang3.time$FastDateParser#<clinit>():760;5.0137539016453396E-21
org.apache.commons.lang3.time$FastDateParser#<clinit>():761;5.0137539016453396E-21
org.apache.commons.lang3.time$FastDateParser$Strategy#FastDateParser$Strategy():381;5.0137539016453396E-21
org.apache.commons.lang3.time$FastDateParser$NumberStrategy#FastDateParser$NumberStrategy(int):610;5.0137539016453396E-21
org.apache.commons.lang3.time$FastDateParser$NumberStrategy#FastDateParser$NumberStrategy(int):611;5.0137539016453396E-21
org.apache.commons.lang3.time$FastDateParser$NumberStrategy#FastDateParser$NumberStrategy(int):612;5.0137539016453396E-21
org.apache.commons.lang3.time$FastDatePrinter#parsePattern():211;3.581204162449649E-21
org.apache.commons.lang3.time$FastDatePrinter$TwoDigitMonthField#FastDatePrinter$TwoDigitMonthField():957;3.581204162449649E-21
org.apache.commons.lang3.time$FastDatePrinter$TwoDigitMonthField#FastDatePrinter$TwoDigitMonthField():958;3.581204162449649E-21
org.apache.commons.lang3.time$FastDatePrinter$TwoDigitMonthField#<clinit>():951;3.581204162449649E-21
org.apache.commons.lang3.time$FastDatePrinter$TwoDigitMonthField#estimateLength():965;3.581204162449649E-21
org.apache.commons.lang3.time$FastDatePrinter#selectNumberRule(int,int):361;1.1807075845856467E-21
org.apache.commons.lang3.time$FastDatePrinter$TwoDigitNumberField#FastDatePrinter$TwoDigitNumberField(int):874;1.1807075845856467E-21
org.apache.commons.lang3.time$FastDatePrinter$TwoDigitNumberField#FastDatePrinter$TwoDigitNumberField(int):875;1.1807075845856467E-21
org.apache.commons.lang3.time$FastDatePrinter$TwoDigitNumberField#FastDatePrinter$TwoDigitNumberField(int):876;1.1807075845856467E-21
org.apache.commons.lang3.time$FastDatePrinter$TwoDigitNumberField#estimateLength():883;1.1807075845856467E-21
org.apache.commons.lang3.time$FastDatePrinter#parsePattern():208;8.768794085198974E-22
org.apache.commons.lang3.time$FastDatePrinter#parsePattern():210;8.768794085198974E-22
org.apache.commons.lang3.time$FastDatePrinter#parsePattern():217;4.949574721752384E-22
org.apache.commons.lang3.time$FastDatePrinter#parsePattern():218;4.949574721752384E-22
org.apache.commons.lang3.time$FastDatePrinter#parseToken(java.lang.String,int[]):312;4.309643862169E-22
org.apache.commons.lang3.time$FastDatePrinter#parseToken(java.lang.String,int[]):313;4.309643862169E-22
org.apache.commons.lang3.time$FastDatePrinter#parseToken(java.lang.String,int[]):317;4.309643862169E-22
org.apache.commons.lang3.time$FastDatePrinter#parsePattern():202;3.758912717054446E-22
org.apache.commons.lang3.time$FastDatePrinter#parsePattern():204;3.758912717054446E-22
org.apache.commons.lang3.time$FastDatePrinter#selectNumberRule(int,int):363;3.758912717054446E-22
org.apache.commons.lang3.time$FastDatePrinter$PaddedNumberField#FastDatePrinter$PaddedNumberField(int,int):811;3.758912717054446E-22
org.apache.commons.lang3.time$FastDatePrinter$PaddedNumberField#FastDatePrinter$PaddedNumberField(int,int):812;3.758912717054446E-22
org.apache.commons.lang3.time$FastDatePrinter$PaddedNumberField#FastDatePrinter$PaddedNumberField(int,int):816;3.758912717054446E-22
org.apache.commons.lang3.time$FastDatePrinter$PaddedNumberField#FastDatePrinter$PaddedNumberField(int,int):817;3.758912717054446E-22
org.apache.commons.lang3.time$FastDatePrinter$PaddedNumberField#FastDatePrinter$PaddedNumberField(int,int):818;3.758912717054446E-22
org.apache.commons.lang3.time$FastDatePrinter$PaddedNumberField#estimateLength():825;3.758912717054446E-22
org.apache.commons.lang3.time$FastDatePrinter#parsePattern():199;2.87391093266375E-22
org.apache.commons.lang3.time$FastDatePrinter#parsePattern():206;2.87391093266375E-22
org.apache.commons.lang3.time$FastDatePrinter#parsePattern():275;2.2113734257682726E-22
org.apache.commons.lang3.time$FastDatePrinter$CharacterLiteral#FastDatePrinter$CharacterLiteral(char):610;2.2113734257682726E-22
org.apache.commons.lang3.time$FastDatePrinter$CharacterLiteral#FastDatePrinter$CharacterLiteral(char):611;2.2113734257682726E-22
org.apache.commons.lang3.time$FastDatePrinter$CharacterLiteral#FastDatePrinter$CharacterLiteral(char):612;2.2113734257682726E-22
org.apache.commons.lang3.time$FastDatePrinter$CharacterLiteral#estimateLength():619;2.2113734257682726E-22
org.apache.commons.lang3.time$FastDatePrinter#parsePattern():273;1.9442735423197022E-22
org.apache.commons.lang3.time$FastDatePrinter#parsePattern():274;1.9442735423197022E-22
org.apache.commons.lang3.time$FastDatePrinter#parseToken(java.lang.String,int[]):320;1.9442735423197022E-22
org.apache.commons.lang3.time$FastDatePrinter#parseToken(java.lang.String,int[]):322;1.9442735423197022E-22
org.apache.commons.lang3.time$FastDatePrinter#parseToken(java.lang.String,int[]):324;1.9442735423197022E-22
org.apache.commons.lang3.time$FastDatePrinter#parseToken(java.lang.String,int[]):325;1.9442735423197022E-22
org.apache.commons.lang3.time$FastDatePrinter#parseToken(java.lang.String,int[]):327;1.9442735423197022E-22
org.apache.commons.lang3.time$FastDatePrinter#parseToken(java.lang.String,int[]):335;1.9442735423197022E-22
org.apache.commons.lang3.time$FastDatePrinter#parseToken(java.lang.String,int[]):337;1.9442735423197022E-22
org.apache.commons.lang3.time$FastDatePrinter#parseToken(java.lang.String,int[]):338;1.9442735423197022E-22
org.apache.commons.lang3.time$FastDatePrinter#parseToken(java.lang.String,int[]):340;1.9442735423197022E-22
org.apache.commons.lang3.time$FastDatePrinter#selectNumberRule(int,int):357;1.9442735423197022E-22
org.apache.commons.lang3.time$FastDateFormat#FastDateFormat(java.lang.String,java.util.TimeZone,java.util.Locale):368;1.7119824289036766E-22
org.apache.commons.lang3.time$FastDateFormat#FastDateFormat(java.lang.String,java.util.TimeZone,java.util.Locale):369;1.7119824289036766E-22
org.apache.commons.lang3.time$FastDateFormat#FastDateFormat(java.lang.String,java.util.TimeZone,java.util.Locale):370;1.7119824289036766E-22
org.apache.commons.lang3.time$FastDateFormat#FastDateFormat(java.lang.String,java.util.TimeZone,java.util.Locale):371;1.7119824289036766E-22
org.apache.commons.lang3.time$FastDateFormat#<clinit>():88;1.7119824289036766E-22
org.apache.commons.lang3.time$FormatCache#FormatCache():35;1.7119824289036766E-22
org.apache.commons.lang3.time$FormatCache#FormatCache():41;1.7119824289036766E-22
org.apache.commons.lang3.time$FormatCache#FormatCache():171;1.7119824289036766E-22
org.apache.commons.lang3.time$FormatCache#getInstance(java.lang.String,java.util.TimeZone,java.util.Locale):70;1.7119824289036766E-22
org.apache.commons.lang3.time$FormatCache#getInstance(java.lang.String,java.util.TimeZone,java.util.Locale):73;1.7119824289036766E-22
org.apache.commons.lang3.time$FormatCache#getInstance(java.lang.String,java.util.TimeZone,java.util.Locale):76;1.7119824289036766E-22
org.apache.commons.lang3.time$FormatCache#getInstance(java.lang.String,java.util.TimeZone,java.util.Locale):79;1.7119824289036766E-22
org.apache.commons.lang3.time$FormatCache#getInstance(java.lang.String,java.util.TimeZone,java.util.Locale):80;1.7119824289036766E-22
org.apache.commons.lang3.time$FormatCache#getInstance(java.lang.String,java.util.TimeZone,java.util.Locale):81;1.7119824289036766E-22
org.apache.commons.lang3.time$FormatCache#getInstance(java.lang.String,java.util.TimeZone,java.util.Locale):82;1.7119824289036766E-22
org.apache.commons.lang3.time$FormatCache#getInstance(java.lang.String,java.util.TimeZone,java.util.Locale):83;1.7119824289036766E-22
org.apache.commons.lang3.time$FormatCache#getInstance(java.lang.String,java.util.TimeZone,java.util.Locale):84;1.7119824289036766E-22
org.apache.commons.lang3.time$FormatCache#getInstance(java.lang.String,java.util.TimeZone,java.util.Locale):90;1.7119824289036766E-22
org.apache.commons.lang3.time$FastDateFormat$1#createInstance(java.lang.String,java.util.TimeZone,java.util.Locale):91;1.7119824289036766E-22
org.apache.commons.lang3.time$FastDatePrinter#FastDatePrinter(java.lang.String,java.util.TimeZone,java.util.Locale):136;1.7119824289036766E-22
org.apache.commons.lang3.time$FastDatePrinter#FastDatePrinter(java.lang.String,java.util.TimeZone,java.util.Locale):137;1.7119824289036766E-22
org.apache.commons.lang3.time$FastDatePrinter#FastDatePrinter(java.lang.String,java.util.TimeZone,java.util.Locale):138;1.7119824289036766E-22
org.apache.commons.lang3.time$FastDatePrinter#FastDatePrinter(java.lang.String,java.util.TimeZone,java.util.Locale):139;1.7119824289036766E-22
org.apache.commons.lang3.time$FastDatePrinter#FastDatePrinter(java.lang.String,java.util.TimeZone,java.util.Locale):141;1.7119824289036766E-22
org.apache.commons.lang3.time$FastDatePrinter#FastDatePrinter(java.lang.String,java.util.TimeZone,java.util.Locale):142;1.7119824289036766E-22
org.apache.commons.lang3.time$FastDatePrinter#<clinit>():1078;1.7119824289036766E-22
org.apache.commons.lang3.time$FastDatePrinter#init():148;1.7119824289036766E-22
org.apache.commons.lang3.time$FastDatePrinter#init():149;1.7119824289036766E-22
org.apache.commons.lang3.time$FastDatePrinter#init():151;1.7119824289036766E-22
org.apache.commons.lang3.time$FastDatePrinter#init():152;1.7119824289036766E-22
org.apache.commons.lang3.time$FastDatePrinter#init():153;1.7119824289036766E-22
org.apache.commons.lang3.time$FastDatePrinter#init():156;1.7119824289036766E-22
org.apache.commons.lang3.time$FastDatePrinter#init():157;1.7119824289036766E-22
org.apache.commons.lang3.time$FastDatePrinter#parsePattern():168;1.7119824289036766E-22
org.apache.commons.lang3.time$FastDatePrinter#parsePattern():169;1.7119824289036766E-22
org.apache.commons.lang3.time$FastDatePrinter#parsePattern():171;1.7119824289036766E-22
org.apache.commons.lang3.time$FastDatePrinter#parsePattern():172;1.7119824289036766E-22
org.apache.commons.lang3.time$FastDatePrinter#parsePattern():173;1.7119824289036766E-22
org.apache.commons.lang3.time$FastDatePrinter#parsePattern():174;1.7119824289036766E-22
org.apache.commons.lang3.time$FastDatePrinter#parsePattern():175;1.7119824289036766E-22
org.apache.commons.lang3.time$FastDatePrinter#parsePattern():176;1.7119824289036766E-22
org.apache.commons.lang3.time$FastDatePrinter#parsePattern():178;1.7119824289036766E-22
org.apache.commons.lang3.time$FastDatePrinter#parsePattern():179;1.7119824289036766E-22
org.apache.commons.lang3.time$FastDatePrinter#parsePattern():181;1.7119824289036766E-22
org.apache.commons.lang3.time$FastDatePrinter#parsePattern():182;1.7119824289036766E-22
org.apache.commons.lang3.time$FastDatePrinter#parsePattern():183;1.7119824289036766E-22
org.apache.commons.lang3.time$FastDatePrinter#parsePattern():184;1.7119824289036766E-22
org.apache.commons.lang3.time$FastDatePrinter#parsePattern():186;1.7119824289036766E-22
org.apache.commons.lang3.time$FastDatePrinter#parsePattern():187;1.7119824289036766E-22
org.apache.commons.lang3.time$FastDatePrinter#parsePattern():192;1.7119824289036766E-22
org.apache.commons.lang3.time$FastDatePrinter#parsePattern():194;1.7119824289036766E-22
org.apache.commons.lang3.time$FastDatePrinter#parsePattern():284;1.7119824289036766E-22
org.apache.commons.lang3.time$FastDatePrinter#parsePattern():287;1.7119824289036766E-22
org.apache.commons.lang3.time$FastDatePrinter#parseToken(java.lang.String,int[]):298;1.7119824289036766E-22
org.apache.commons.lang3.time$FastDatePrinter#parseToken(java.lang.String,int[]):300;1.7119824289036766E-22
org.apache.commons.lang3.time$FastDatePrinter#parseToken(java.lang.String,int[]):301;1.7119824289036766E-22
org.apache.commons.lang3.time$FastDatePrinter#parseToken(java.lang.String,int[]):303;1.7119824289036766E-22
org.apache.commons.lang3.time$FastDatePrinter#parseToken(java.lang.String,int[]):304;1.7119824289036766E-22
org.apache.commons.lang3.time$FastDatePrinter#parseToken(java.lang.String,int[]):307;1.7119824289036766E-22
org.apache.commons.lang3.time$FastDatePrinter#parseToken(java.lang.String,int[]):309;1.7119824289036766E-22
org.apache.commons.lang3.time$FastDatePrinter#parseToken(java.lang.String,int[]):310;1.7119824289036766E-22
org.apache.commons.lang3.time$FastDatePrinter#parseToken(java.lang.String,int[]):311;1.7119824289036766E-22
org.apache.commons.lang3.time$FastDatePrinter#parseToken(java.lang.String,int[]):345;1.7119824289036766E-22
org.apache.commons.lang3.time$FastDatePrinter#parseToken(java.lang.String,int[]):346;1.7119824289036766E-22
org.apache.commons.lang3.time$FormatCache#<clinit>():44;1.5096390008406626E-22
org.apache.commons.lang3.time$FormatCache$MultipartKey#FormatCache$MultipartKey(java.lang.Object[]):179;1.5096390008406626E-22
org.apache.commons.lang3.time$FormatCache$MultipartKey#FormatCache$MultipartKey(java.lang.Object[]):180;1.5096390008406626E-22
org.apache.commons.lang3.time$FormatCache$MultipartKey#FormatCache$MultipartKey(java.lang.Object[]):181;1.5096390008406626E-22
org.apache.commons.lang3.time$FormatCache$MultipartKey#hashCode():199;1.5096390008406626E-22
org.apache.commons.lang3.time$FormatCache$MultipartKey#hashCode():200;1.5096390008406626E-22
org.apache.commons.lang3.time$FormatCache$MultipartKey#hashCode():201;1.5096390008406626E-22
org.apache.commons.lang3.time$FormatCache$MultipartKey#hashCode():202;1.5096390008406626E-22
org.apache.commons.lang3.time$FormatCache$MultipartKey#hashCode():203;1.5096390008406626E-22
org.apache.commons.lang3.time$FormatCache$MultipartKey#hashCode():206;1.5096390008406626E-22
org.apache.commons.lang3.time$FormatCache$MultipartKey#hashCode():208;1.5096390008406626E-22
org.apache.commons.lang3.time$FastDateFormat#getInstance():106;0.0
org.apache.commons.lang3.time$FastDateFormat#getInstance(java.lang.String):119;0.0
org.apache.commons.lang3.time$FastDateFormat#getInstance(java.lang.String,java.util.TimeZone):134;0.0
org.apache.commons.lang3.time$FastDateFormat#getInstance(java.lang.String,java.util.Locale):148;0.0
org.apache.commons.lang3.time$FastDateFormat#getDateInstance(int):180;0.0
org.apache.commons.lang3.time$FastDateFormat#getDateInstance(int,java.util.Locale):195;0.0
org.apache.commons.lang3.time$FastDateFormat#getDateInstance(int,java.util.TimeZone):211;0.0
org.apache.commons.lang3.time$FastDateFormat#getDateInstance(int,java.util.TimeZone,java.util.Locale):227;0.0
org.apache.commons.lang3.time$FastDateFormat#getTimeInstance(int):242;0.0
org.apache.commons.lang3.time$FastDateFormat#getTimeInstance(int,java.util.Locale):257;0.0
org.apache.commons.lang3.time$FastDateFormat#getTimeInstance(int,java.util.TimeZone):273;0.0
org.apache.commons.lang3.time$FastDateFormat#getTimeInstance(int,java.util.TimeZone,java.util.Locale):289;0.0
org.apache.commons.lang3.time$FastDateFormat#getDateTimeInstance(int,int):305;0.0
org.apache.commons.lang3.time$FastDateFormat#getDateTimeInstance(int,int,java.util.Locale):321;0.0
org.apache.commons.lang3.time$FastDateFormat#getDateTimeInstance(int,int,java.util.TimeZone):338;0.0
org.apache.commons.lang3.time$FastDateFormat#getDateTimeInstance(int,int,java.util.TimeZone,java.util.Locale):355;0.0
org.apache.commons.lang3.time$FastDateFormat#format(java.lang.Object,java.lang.StringBuffer,java.text.FieldPosition):386;0.0
org.apache.commons.lang3.time$FastDateFormat#format(long):398;0.0
org.apache.commons.lang3.time$FastDateFormat#format(java.util.Date):409;0.0
org.apache.commons.lang3.time$FastDateFormat#format(java.util.Calendar):420;0.0
org.apache.commons.lang3.time$FastDateFormat#format(long,java.lang.StringBuffer):434;0.0
org.apache.commons.lang3.time$FastDateFormat#format(java.util.Date,java.lang.StringBuffer):447;0.0
org.apache.commons.lang3.time$FastDateFormat#format(java.util.Calendar,java.lang.StringBuffer):460;0.0
org.apache.commons.lang3.time$FastDateFormat#parse(java.lang.String,java.text.ParsePosition):480;0.0
org.apache.commons.lang3.time$FastDateFormat#parseObject(java.lang.String,java.text.ParsePosition):488;0.0
org.apache.commons.lang3.time$FastDateFormat#getPattern():500;0.0
org.apache.commons.lang3.time$FastDateFormat#getTimeZone():512;0.0
org.apache.commons.lang3.time$FastDateFormat#getLocale():522;0.0
org.apache.commons.lang3.time$FastDateFormat#getMaxLengthEstimate():535;0.0
org.apache.commons.lang3.time$FastDateFormat#equals(java.lang.Object):548;0.0
org.apache.commons.lang3.time$FastDateFormat#equals(java.lang.Object):549;0.0
org.apache.commons.lang3.time$FastDateFormat#equals(java.lang.Object):551;0.0
org.apache.commons.lang3.time$FastDateFormat#equals(java.lang.Object):553;0.0
org.apache.commons.lang3.time$FastDateFormat#hashCode():563;0.0
org.apache.commons.lang3.time$FastDateFormat#toString():573;0.0
org.apache.commons.lang3.time$FastDateFormat#applyRules(java.util.Calendar,java.lang.StringBuffer):586;0.0
org.apache.commons.lang3.time$FormatCache#getInstance():54;0.0
org.apache.commons.lang3.time$FormatCache#getInstance(java.lang.String,java.util.TimeZone,java.util.Locale):71;0.0
org.apache.commons.lang3.time$FormatCache#getInstance(java.lang.String,java.util.TimeZone,java.util.Locale):74;0.0
org.apache.commons.lang3.time$FormatCache#getInstance(java.lang.String,java.util.TimeZone,java.util.Locale):77;0.0
org.apache.commons.lang3.time$FormatCache#getInstance(java.lang.String,java.util.TimeZone,java.util.Locale):87;0.0
org.apache.commons.lang3.time$FormatCache#getDateTimeInstance(java.lang.Integer,java.lang.Integer,java.util.TimeZone,java.util.Locale):120;0.0
org.apache.commons.lang3.time$FormatCache#getDateTimeInstance(java.lang.Integer,java.lang.Integer,java.util.TimeZone,java.util.Locale):121;0.0
org.apache.commons.lang3.time$FormatCache#getDateTimeInstance(java.lang.Integer,java.lang.Integer,java.util.TimeZone,java.util.Locale):123;0.0
org.apache.commons.lang3.time$FormatCache#getDateTimeInstance(java.lang.Integer,java.lang.Integer,java.util.TimeZone,java.util.Locale):124;0.0
org.apache.commons.lang3.time$FormatCache#getPatternForStyle(java.lang.Integer,java.lang.Integer,java.util.Locale):137;0.0
org.apache.commons.lang3.time$FormatCache#getPatternForStyle(java.lang.Integer,java.lang.Integer,java.util.Locale):139;0.0
org.apache.commons.lang3.time$FormatCache#getPatternForStyle(java.lang.Integer,java.lang.Integer,java.util.Locale):140;0.0
org.apache.commons.lang3.time$FormatCache#getPatternForStyle(java.lang.Integer,java.lang.Integer,java.util.Locale):143;0.0
org.apache.commons.lang3.time$FormatCache#getPatternForStyle(java.lang.Integer,java.lang.Integer,java.util.Locale):144;0.0
org.apache.commons.lang3.time$FormatCache#getPatternForStyle(java.lang.Integer,java.lang.Integer,java.util.Locale):146;0.0
org.apache.commons.lang3.time$FormatCache#getPatternForStyle(java.lang.Integer,java.lang.Integer,java.util.Locale):147;0.0
org.apache.commons.lang3.time$FormatCache#getPatternForStyle(java.lang.Integer,java.lang.Integer,java.util.Locale):150;0.0
org.apache.commons.lang3.time$FormatCache#getPatternForStyle(java.lang.Integer,java.lang.Integer,java.util.Locale):152;0.0
org.apache.commons.lang3.time$FormatCache#getPatternForStyle(java.lang.Integer,java.lang.Integer,java.util.Locale):153;0.0
org.apache.commons.lang3.time$FormatCache#getPatternForStyle(java.lang.Integer,java.lang.Integer,java.util.Locale):154;0.0
org.apache.commons.lang3.time$FormatCache#getPatternForStyle(java.lang.Integer,java.lang.Integer,java.util.Locale):158;0.0
org.apache.commons.lang3.time$FormatCache#getPatternForStyle(java.lang.Integer,java.lang.Integer,java.util.Locale):162;0.0
org.apache.commons.lang3.time$FormatCache#getPatternForStyle(java.lang.Integer,java.lang.Integer,java.util.Locale):160;0.0
org.apache.commons.lang3.time$FormatCache#getPatternForStyle(java.lang.Integer,java.lang.Integer,java.util.Locale):161;0.0
org.apache.commons.lang3.time$FormatCache#getPatternForStyle(java.lang.Integer,java.lang.Integer,java.util.Locale):164;0.0
org.apache.commons.lang3.time$FormatCache$MultipartKey#equals(java.lang.Object):191;0.0
org.apache.commons.lang3.time$FastDatePrinter#parsePattern():188;0.0
org.apache.commons.lang3.time$FastDatePrinter#parsePattern():196;0.0
org.apache.commons.lang3.time$FastDatePrinter#parsePattern():197;0.0
org.apache.commons.lang3.time$FastDatePrinter#parsePattern():200;0.0
org.apache.commons.lang3.time$FastDatePrinter#parsePattern():207;0.0
org.apache.commons.lang3.time$FastDatePrinter#parsePattern():209;0.0
org.apache.commons.lang3.time$FastDatePrinter#parsePattern():213;0.0
org.apache.commons.lang3.time$FastDatePrinter#parsePattern():215;0.0
org.apache.commons.lang3.time$FastDatePrinter#parsePattern():220;0.0
org.apache.commons.lang3.time$FastDatePrinter#parsePattern():221;0.0
org.apache.commons.lang3.time$FastDatePrinter#parsePattern():235;0.0
org.apache.commons.lang3.time$FastDatePrinter#parsePattern():236;0.0
org.apache.commons.lang3.time$FastDatePrinter#parsePattern():238;0.0
org.apache.commons.lang3.time$FastDatePrinter#parsePattern():239;0.0
org.apache.commons.lang3.time$FastDatePrinter#parsePattern():241;0.0
org.apache.commons.lang3.time$FastDatePrinter#parsePattern():242;0.0
org.apache.commons.lang3.time$FastDatePrinter#parsePattern():244;0.0
org.apache.commons.lang3.time$FastDatePrinter#parsePattern():245;0.0
org.apache.commons.lang3.time$FastDatePrinter#parsePattern():247;0.0
org.apache.commons.lang3.time$FastDatePrinter#parsePattern():248;0.0
org.apache.commons.lang3.time$FastDatePrinter#parsePattern():250;0.0
org.apache.commons.lang3.time$FastDatePrinter#parsePattern():251;0.0
org.apache.commons.lang3.time$FastDatePrinter#parsePattern():253;0.0
org.apache.commons.lang3.time$FastDatePrinter#parsePattern():254;0.0
org.apache.commons.lang3.time$FastDatePrinter#parsePattern():256;0.0
org.apache.commons.lang3.time$FastDatePrinter#parsePattern():257;0.0
org.apache.commons.lang3.time$FastDatePrinter#parsePattern():259;0.0
org.apache.commons.lang3.time$FastDatePrinter#parsePattern():260;0.0
org.apache.commons.lang3.time$FastDatePrinter#parsePattern():262;0.0
org.apache.commons.lang3.time$FastDatePrinter#parsePattern():264;0.0
org.apache.commons.lang3.time$FastDatePrinter#parsePattern():269;0.0
org.apache.commons.lang3.time$FastDatePrinter#parsePattern():271;0.0
org.apache.commons.lang3.time$FastDatePrinter#parsePattern():277;0.0
org.apache.commons.lang3.time$FastDatePrinter#parsePattern():279;0.0
org.apache.commons.lang3.time$FastDatePrinter#parsePattern():281;0.0
org.apache.commons.lang3.time$FastDatePrinter#parseToken(java.lang.String,int[]):330;0.0
org.apache.commons.lang3.time$FastDatePrinter#parseToken(java.lang.String,int[]):331;0.0
org.apache.commons.lang3.time$FastDatePrinter#selectNumberRule(int,int):359;0.0
org.apache.commons.lang3.time$FastDatePrinter#format(java.lang.Object,java.lang.StringBuffer,java.text.FieldPosition):380;0.0
org.apache.commons.lang3.time$FastDatePrinter#format(java.lang.Object,java.lang.StringBuffer,java.text.FieldPosition):381;0.0
org.apache.commons.lang3.time$FastDatePrinter#format(java.lang.Object,java.lang.StringBuffer,java.text.FieldPosition):382;0.0
org.apache.commons.lang3.time$FastDatePrinter#format(java.lang.Object,java.lang.StringBuffer,java.text.FieldPosition):383;0.0
org.apache.commons.lang3.time$FastDatePrinter#format(java.lang.Object,java.lang.StringBuffer,java.text.FieldPosition):384;0.0
org.apache.commons.lang3.time$FastDatePrinter#format(java.lang.Object,java.lang.StringBuffer,java.text.FieldPosition):385;0.0
org.apache.commons.lang3.time$FastDatePrinter#format(java.lang.Object,java.lang.StringBuffer,java.text.FieldPosition):387;0.0
org.apache.commons.lang3.time$FastDatePrinter#format(long):397;0.0
org.apache.commons.lang3.time$FastDatePrinter#format(long):398;0.0
org.apache.commons.lang3.time$FastDatePrinter#format(long):399;0.0
org.apache.commons.lang3.time$FastDatePrinter#applyRulesToString(java.util.Calendar):403;0.0
org.apache.commons.lang3.time$FastDatePrinter#newCalendar():408;0.0
org.apache.commons.lang3.time$FastDatePrinter#format(java.util.Date):416;0.0
org.apache.commons.lang3.time$FastDatePrinter#format(java.util.Date):417;0.0
org.apache.commons.lang3.time$FastDatePrinter#format(java.util.Date):418;0.0
org.apache.commons.lang3.time$FastDatePrinter#format(java.util.Calendar):426;0.0
org.apache.commons.lang3.time$FastDatePrinter#format(long,java.lang.StringBuffer):434;0.0
org.apache.commons.lang3.time$FastDatePrinter#format(java.util.Date,java.lang.StringBuffer):442;0.0
org.apache.commons.lang3.time$FastDatePrinter#format(java.util.Date,java.lang.StringBuffer):443;0.0
org.apache.commons.lang3.time$FastDatePrinter#format(java.util.Date,java.lang.StringBuffer):444;0.0
org.apache.commons.lang3.time$FastDatePrinter#format(java.util.Calendar,java.lang.StringBuffer):452;0.0
org.apache.commons.lang3.time$FastDatePrinter#applyRules(java.util.Calendar,java.lang.StringBuffer):464;0.0
org.apache.commons.lang3.time$FastDatePrinter#applyRules(java.util.Calendar,java.lang.StringBuffer):465;0.0
org.apache.commons.lang3.time$FastDatePrinter#applyRules(java.util.Calendar,java.lang.StringBuffer):467;0.0
org.apache.commons.lang3.time$FastDatePrinter#getPattern():477;0.0
org.apache.commons.lang3.time$FastDatePrinter#getTimeZone():485;0.0
org.apache.commons.lang3.time$FastDatePrinter#getLocale():493;0.0
org.apache.commons.lang3.time$FastDatePrinter#getMaxLengthEstimate():506;0.0
org.apache.commons.lang3.time$FastDatePrinter#equals(java.lang.Object):519;0.0
org.apache.commons.lang3.time$FastDatePrinter#equals(java.lang.Object):520;0.0
org.apache.commons.lang3.time$FastDatePrinter#equals(java.lang.Object):522;0.0
org.apache.commons.lang3.time$FastDatePrinter#equals(java.lang.Object):523;0.0
org.apache.commons.lang3.time$FastDatePrinter#hashCode():535;0.0
org.apache.commons.lang3.time$FastDatePrinter#toString():545;0.0
org.apache.commons.lang3.time$FastDatePrinter#readObject(java.io.ObjectInputStream):559;0.0
org.apache.commons.lang3.time$FastDatePrinter#readObject(java.io.ObjectInputStream):560;0.0
org.apache.commons.lang3.time$FastDatePrinter#readObject(java.io.ObjectInputStream):561;0.0
org.apache.commons.lang3.time$FastDatePrinter#getTimeZoneDisplay(java.util.TimeZone,boolean,int,java.util.Locale):1090;0.0
org.apache.commons.lang3.time$FastDatePrinter#getTimeZoneDisplay(java.util.TimeZone,boolean,int,java.util.Locale):1091;0.0
org.apache.commons.lang3.time$FastDatePrinter#getTimeZoneDisplay(java.util.TimeZone,boolean,int,java.util.Locale):1092;0.0
org.apache.commons.lang3.time$FastDatePrinter#getTimeZoneDisplay(java.util.TimeZone,boolean,int,java.util.Locale):1094;0.0
org.apache.commons.lang3.time$FastDatePrinter#getTimeZoneDisplay(java.util.TimeZone,boolean,int,java.util.Locale):1095;0.0
org.apache.commons.lang3.time$FastDatePrinter#getTimeZoneDisplay(java.util.TimeZone,boolean,int,java.util.Locale):1096;0.0
org.apache.commons.lang3.time$FastDatePrinter#getTimeZoneDisplay(java.util.TimeZone,boolean,int,java.util.Locale):1097;0.0
org.apache.commons.lang3.time$FastDatePrinter#getTimeZoneDisplay(java.util.TimeZone,boolean,int,java.util.Locale):1100;0.0
org.apache.commons.lang3.time$FastDatePrinter$PaddedNumberField#FastDatePrinter$PaddedNumberField(int,int):814;0.0
org.apache.commons.lang3.time$FastDatePrinter$PaddedNumberField#appendTo(java.lang.StringBuffer,java.util.Calendar):833;0.0
org.apache.commons.lang3.time$FastDatePrinter$PaddedNumberField#appendTo(java.lang.StringBuffer,java.util.Calendar):834;0.0
org.apache.commons.lang3.time$FastDatePrinter$PaddedNumberField#appendTo(java.lang.StringBuffer,int):841;0.0
org.apache.commons.lang3.time$FastDatePrinter$PaddedNumberField#appendTo(java.lang.StringBuffer,int):842;0.0
org.apache.commons.lang3.time$FastDatePrinter$PaddedNumberField#appendTo(java.lang.StringBuffer,int):843;0.0
org.apache.commons.lang3.time$FastDatePrinter$PaddedNumberField#appendTo(java.lang.StringBuffer,int):845;0.0
org.apache.commons.lang3.time$FastDatePrinter$PaddedNumberField#appendTo(java.lang.StringBuffer,int):846;0.0
org.apache.commons.lang3.time$FastDatePrinter$PaddedNumberField#appendTo(java.lang.StringBuffer,int):849;0.0
org.apache.commons.lang3.time$FastDatePrinter$PaddedNumberField#appendTo(java.lang.StringBuffer,int):850;0.0
org.apache.commons.lang3.time$FastDatePrinter$PaddedNumberField#appendTo(java.lang.StringBuffer,int):852;0.0
org.apache.commons.lang3.time$FastDatePrinter$PaddedNumberField#appendTo(java.lang.StringBuffer,int):853;0.0
org.apache.commons.lang3.time$FastDatePrinter$PaddedNumberField#appendTo(java.lang.StringBuffer,int):855;0.0
org.apache.commons.lang3.time$FastDatePrinter$PaddedNumberField#appendTo(java.lang.StringBuffer,int):856;0.0
org.apache.commons.lang3.time$FastDatePrinter$PaddedNumberField#appendTo(java.lang.StringBuffer,int):858;0.0
org.apache.commons.lang3.time$FastDatePrinter$PaddedNumberField#appendTo(java.lang.StringBuffer,int):860;0.0
org.apache.commons.lang3.time$FastDatePrinter$CharacterLiteral#appendTo(java.lang.StringBuffer,java.util.Calendar):627;0.0
org.apache.commons.lang3.time$FastDatePrinter$CharacterLiteral#appendTo(java.lang.StringBuffer,java.util.Calendar):628;0.0
org.apache.commons.lang3.time$FastDatePrinter$TwoDigitMonthField#appendTo(java.lang.StringBuffer,java.util.Calendar):973;0.0
org.apache.commons.lang3.time$FastDatePrinter$TwoDigitMonthField#appendTo(java.lang.StringBuffer,java.util.Calendar):974;0.0
org.apache.commons.lang3.time$FastDatePrinter$TwoDigitMonthField#appendTo(java.lang.StringBuffer,int):981;0.0
org.apache.commons.lang3.time$FastDatePrinter$TwoDigitMonthField#appendTo(java.lang.StringBuffer,int):982;0.0
org.apache.commons.lang3.time$FastDatePrinter$TwoDigitMonthField#appendTo(java.lang.StringBuffer,int):983;0.0
org.apache.commons.lang3.time$FastDatePrinter$TwoDigitNumberField#appendTo(java.lang.StringBuffer,java.util.Calendar):891;0.0
org.apache.commons.lang3.time$FastDatePrinter$TwoDigitNumberField#appendTo(java.lang.StringBuffer,java.util.Calendar):892;0.0
org.apache.commons.lang3.time$FastDatePrinter$TwoDigitNumberField#appendTo(java.lang.StringBuffer,int):899;0.0
org.apache.commons.lang3.time$FastDatePrinter$TwoDigitNumberField#appendTo(java.lang.StringBuffer,int):900;0.0
org.apache.commons.lang3.time$FastDatePrinter$TwoDigitNumberField#appendTo(java.lang.StringBuffer,int):901;0.0
org.apache.commons.lang3.time$FastDatePrinter$TwoDigitNumberField#appendTo(java.lang.StringBuffer,int):903;0.0
org.apache.commons.lang3.time$FastDatePrinter$TwoDigitNumberField#appendTo(java.lang.StringBuffer,int):905;0.0
org.apache.commons.lang3.time$FastDateParser#init():117;0.0
org.apache.commons.lang3.time$FastDateParser#init():138;0.0
org.apache.commons.lang3.time$FastDateParser#getPattern():155;0.0
org.apache.commons.lang3.time$FastDateParser#getTimeZone():163;0.0
org.apache.commons.lang3.time$FastDateParser#getLocale():171;0.0
org.apache.commons.lang3.time$FastDateParser#getParsePattern():176;0.0
org.apache.commons.lang3.time$FastDateParser#equals(java.lang.Object):189;0.0
org.apache.commons.lang3.time$FastDateParser#equals(java.lang.Object):190;0.0
org.apache.commons.lang3.time$FastDateParser#equals(java.lang.Object):192;0.0
org.apache.commons.lang3.time$FastDateParser#equals(java.lang.Object):193;0.0
org.apache.commons.lang3.time$FastDateParser#hashCode():205;0.0
org.apache.commons.lang3.time$FastDateParser#toString():215;0.0
org.apache.commons.lang3.time$FastDateParser#readObject(java.io.ObjectInputStream):229;0.0
org.apache.commons.lang3.time$FastDateParser#readObject(java.io.ObjectInputStream):230;0.0
org.apache.commons.lang3.time$FastDateParser#readObject(java.io.ObjectInputStream):231;0.0
org.apache.commons.lang3.time$FastDateParser#parseObject(java.lang.String):238;0.0
org.apache.commons.lang3.time$FastDateParser#parse(java.lang.String):249;0.0
org.apache.commons.lang3.time$FastDateParser#parse(java.lang.String):250;0.0
org.apache.commons.lang3.time$FastDateParser#parse(java.lang.String):254;0.0
org.apache.commons.lang3.time$FastDateParser#parseObject(java.lang.String,java.text.ParsePosition):264;0.0
org.apache.commons.lang3.time$FastDateParser#parse(java.lang.String,java.text.ParsePosition):275;0.0
org.apache.commons.lang3.time$FastDateParser#escapeRegex(java.lang.StringBuilder,java.lang.String,boolean):306;0.0
org.apache.commons.lang3.time$FastDateParser#escapeRegex(java.lang.StringBuilder,java.lang.String,boolean):307;0.0
org.apache.commons.lang3.time$FastDateParser#escapeRegex(java.lang.StringBuilder,java.lang.String,boolean):309;0.0
org.apache.commons.lang3.time$FastDateParser#escapeRegex(java.lang.StringBuilder,java.lang.String,boolean):313;0.0
org.apache.commons.lang3.time$FastDateParser#escapeRegex(java.lang.StringBuilder,java.lang.String,boolean):314;0.0
org.apache.commons.lang3.time$FastDateParser#escapeRegex(java.lang.StringBuilder,java.lang.String,boolean):323;0.0
org.apache.commons.lang3.time$FastDateParser#escapeRegex(java.lang.StringBuilder,java.lang.String,boolean):324;0.0
org.apache.commons.lang3.time$FastDateParser#escapeRegex(java.lang.StringBuilder,java.lang.String,boolean):325;0.0
org.apache.commons.lang3.time$FastDateParser#escapeRegex(java.lang.StringBuilder,java.lang.String,boolean):326;0.0
org.apache.commons.lang3.time$FastDateParser#escapeRegex(java.lang.StringBuilder,java.lang.String,boolean):327;0.0
org.apache.commons.lang3.time$FastDateParser#getDisplayNames(int,java.util.Calendar,java.util.Locale):346;0.0
org.apache.commons.lang3.time$FastDateParser#adjustYear(int):355;0.0
org.apache.commons.lang3.time$FastDateParser#adjustYear(int):356;0.0
org.apache.commons.lang3.time$FastDateParser#adjustYear(int):357;0.0
org.apache.commons.lang3.time$FastDateParser#adjustYear(int):359;0.0
org.apache.commons.lang3.time$FastDateParser#getFieldWidth():375;0.0
org.apache.commons.lang3.time$FastDateParser#getStrategy(java.lang.String,java.util.Calendar):436;0.0
org.apache.commons.lang3.time$FastDateParser#getStrategy(java.lang.String,java.util.Calendar):438;0.0
org.apache.commons.lang3.time$FastDateParser#getStrategy(java.lang.String,java.util.Calendar):440;0.0
org.apache.commons.lang3.time$FastDateParser#getStrategy(java.lang.String,java.util.Calendar):442;0.0
org.apache.commons.lang3.time$FastDateParser#getStrategy(java.lang.String,java.util.Calendar):446;0.0
org.apache.commons.lang3.time$FastDateParser#getStrategy(java.lang.String,java.util.Calendar):452;0.0
org.apache.commons.lang3.time$FastDateParser#getStrategy(java.lang.String,java.util.Calendar):454;0.0
org.apache.commons.lang3.time$FastDateParser#getStrategy(java.lang.String,java.util.Calendar):458;0.0
org.apache.commons.lang3.time$FastDateParser#getStrategy(java.lang.String,java.util.Calendar):460;0.0
org.apache.commons.lang3.time$FastDateParser#getStrategy(java.lang.String,java.util.Calendar):466;0.0
org.apache.commons.lang3.time$FastDateParser#getCache(int):489;0.0
org.apache.commons.lang3.time$FastDateParser#getLocaleSpecificStrategy(int,java.util.Calendar):507;0.0
org.apache.commons.lang3.time$FastDateParser$Strategy#isNumber():389;0.0
org.apache.commons.lang3.time$FastDateParser$Strategy#setCalendar(org.apache.commons.lang3.time.FastDateParser,java.util.Calendar,java.lang.String):402;0.0
org.apache.commons.lang3.time$FastDateParser$NumberStrategy#isNumber():619;0.0
org.apache.commons.lang3.time$FastDateParser$NumberStrategy#addRegex(org.apache.commons.lang3.time.FastDateParser,java.lang.StringBuilder):628;0.0
org.apache.commons.lang3.time$FastDateParser$1#setCalendar(org.apache.commons.lang3.time.FastDateParser,java.util.Calendar,java.lang.String):660;0.0
org.apache.commons.lang3.time$FastDateParser$1#setCalendar(org.apache.commons.lang3.time.FastDateParser,java.util.Calendar,java.lang.String):661;0.0
org.apache.commons.lang3.time$FastDateParser$1#setCalendar(org.apache.commons.lang3.time.FastDateParser,java.util.Calendar,java.lang.String):662;0.0
org.apache.commons.lang3.time$FastDateParser$1#setCalendar(org.apache.commons.lang3.time.FastDateParser,java.util.Calendar,java.lang.String):664;0.0
org.apache.commons.lang3.time$FastDateParser$1#setCalendar(org.apache.commons.lang3.time.FastDateParser,java.util.Calendar,java.lang.String):665;0.0
org.apache.commons.lang3.time$FastDateParser$4#modify(int):755;0.0
org.apache.commons.lang3.time$FastDateParser$CopyQuotedStrategy#isNumber():534;0.0
org.apache.commons.lang3.time$FastDatePrinter$TimeZoneNumberRule#appendTo(java.lang.StringBuffer,java.util.Calendar):1185;0.0
org.apache.commons.lang3.time$FastDatePrinter$TimeZoneNumberRule#appendTo(java.lang.StringBuffer,java.util.Calendar):1187;0.0
org.apache.commons.lang3.time$FastDatePrinter$TimeZoneNumberRule#appendTo(java.lang.StringBuffer,java.util.Calendar):1188;0.0
org.apache.commons.lang3.time$FastDatePrinter$TimeZoneNumberRule#appendTo(java.lang.StringBuffer,java.util.Calendar):1189;0.0
org.apache.commons.lang3.time$FastDatePrinter$TimeZoneNumberRule#appendTo(java.lang.StringBuffer,java.util.Calendar):1191;0.0
org.apache.commons.lang3.time$FastDatePrinter$TimeZoneNumberRule#appendTo(java.lang.StringBuffer,java.util.Calendar):1194;0.0
org.apache.commons.lang3.time$FastDatePrinter$TimeZoneNumberRule#appendTo(java.lang.StringBuffer,java.util.Calendar):1195;0.0
org.apache.commons.lang3.time$FastDatePrinter$TimeZoneNumberRule#appendTo(java.lang.StringBuffer,java.util.Calendar):1196;0.0
org.apache.commons.lang3.time$FastDatePrinter$TimeZoneNumberRule#appendTo(java.lang.StringBuffer,java.util.Calendar):1198;0.0
org.apache.commons.lang3.time$FastDatePrinter$TimeZoneNumberRule#appendTo(java.lang.StringBuffer,java.util.Calendar):1199;0.0
org.apache.commons.lang3.time$FastDatePrinter$TimeZoneNumberRule#appendTo(java.lang.StringBuffer,java.util.Calendar):1202;0.0
org.apache.commons.lang3.time$FastDatePrinter$TimeZoneNumberRule#appendTo(java.lang.StringBuffer,java.util.Calendar):1203;0.0
org.apache.commons.lang3.time$FastDatePrinter$TimeZoneNumberRule#appendTo(java.lang.StringBuffer,java.util.Calendar):1204;0.0
org.apache.commons.lang3.time$FastDatePrinter$TimeZoneNumberRule#appendTo(java.lang.StringBuffer,java.util.Calendar):1205;0.0
org.apache.commons.lang3.time$FastDateParser$TimeZoneStrategy#setCalendar(org.apache.commons.lang3.time.FastDateParser,java.util.Calendar,java.lang.String):726;0.0
org.apache.commons.lang3.time$FastDatePrinter$TextField#FastDatePrinter$TextField(int,java.lang.String[]):678;0.0
org.apache.commons.lang3.time$FastDatePrinter$TextField#FastDatePrinter$TextField(int,java.lang.String[]):679;0.0
org.apache.commons.lang3.time$FastDatePrinter$TextField#FastDatePrinter$TextField(int,java.lang.String[]):680;0.0
org.apache.commons.lang3.time$FastDatePrinter$TextField#FastDatePrinter$TextField(int,java.lang.String[]):681;0.0
org.apache.commons.lang3.time$FastDatePrinter$TextField#estimateLength():688;0.0
org.apache.commons.lang3.time$FastDatePrinter$TextField#estimateLength():689;0.0
org.apache.commons.lang3.time$FastDatePrinter$TextField#estimateLength():690;0.0
org.apache.commons.lang3.time$FastDatePrinter$TextField#estimateLength():691;0.0
org.apache.commons.lang3.time$FastDatePrinter$TextField#estimateLength():692;0.0
org.apache.commons.lang3.time$FastDatePrinter$TextField#estimateLength():694;0.0
org.apache.commons.lang3.time$FastDatePrinter$TextField#estimateLength():695;0.0
org.apache.commons.lang3.time$FastDatePrinter$TextField#appendTo(java.lang.StringBuffer,java.util.Calendar):703;0.0
org.apache.commons.lang3.time$FastDatePrinter$TextField#appendTo(java.lang.StringBuffer,java.util.Calendar):704;0.0
org.apache.commons.lang3.time$FastDatePrinter$StringLiteral#FastDatePrinter$StringLiteral(java.lang.String):643;0.0
org.apache.commons.lang3.time$FastDatePrinter$StringLiteral#FastDatePrinter$StringLiteral(java.lang.String):644;0.0
org.apache.commons.lang3.time$FastDatePrinter$StringLiteral#FastDatePrinter$StringLiteral(java.lang.String):645;0.0
org.apache.commons.lang3.time$FastDatePrinter$StringLiteral#estimateLength():652;0.0
org.apache.commons.lang3.time$FastDatePrinter$StringLiteral#appendTo(java.lang.StringBuffer,java.util.Calendar):660;0.0
org.apache.commons.lang3.time$FastDatePrinter$StringLiteral#appendTo(java.lang.StringBuffer,java.util.Calendar):661;0.0
org.apache.commons.lang3.time$FastDateParser$TextStrategy#FastDateParser$TextStrategy(int,java.util.Calendar,java.util.Locale):562;0.0
org.apache.commons.lang3.time$FastDateParser$TextStrategy#FastDateParser$TextStrategy(int,java.util.Calendar,java.util.Locale):563;0.0
org.apache.commons.lang3.time$FastDateParser$TextStrategy#FastDateParser$TextStrategy(int,java.util.Calendar,java.util.Locale):564;0.0
org.apache.commons.lang3.time$FastDateParser$TextStrategy#FastDateParser$TextStrategy(int,java.util.Calendar,java.util.Locale):565;0.0
org.apache.commons.lang3.time$FastDateParser$TextStrategy#addRegex(org.apache.commons.lang3.time.FastDateParser,java.lang.StringBuilder):572;0.0
org.apache.commons.lang3.time$FastDateParser$TextStrategy#addRegex(org.apache.commons.lang3.time.FastDateParser,java.lang.StringBuilder):573;0.0
org.apache.commons.lang3.time$FastDateParser$TextStrategy#addRegex(org.apache.commons.lang3.time.FastDateParser,java.lang.StringBuilder):574;0.0
org.apache.commons.lang3.time$FastDateParser$TextStrategy#addRegex(org.apache.commons.lang3.time.FastDateParser,java.lang.StringBuilder):575;0.0
org.apache.commons.lang3.time$FastDateParser$TextStrategy#addRegex(org.apache.commons.lang3.time.FastDateParser,java.lang.StringBuilder):576;0.0
org.apache.commons.lang3.time$FastDateParser$TextStrategy#addRegex(org.apache.commons.lang3.time.FastDateParser,java.lang.StringBuilder):577;0.0
org.apache.commons.lang3.time$FastDateParser$TextStrategy#setCalendar(org.apache.commons.lang3.time.FastDateParser,java.util.Calendar,java.lang.String):585;0.0
org.apache.commons.lang3.time$FastDateParser$TextStrategy#setCalendar(org.apache.commons.lang3.time.FastDateParser,java.util.Calendar,java.lang.String):586;0.0
org.apache.commons.lang3.time$FastDateParser$TextStrategy#setCalendar(org.apache.commons.lang3.time.FastDateParser,java.util.Calendar,java.lang.String):587;0.0
org.apache.commons.lang3.time$FastDateParser$TextStrategy#setCalendar(org.apache.commons.lang3.time.FastDateParser,java.util.Calendar,java.lang.String):588;0.0
org.apache.commons.lang3.time$FastDateParser$TextStrategy#setCalendar(org.apache.commons.lang3.time.FastDateParser,java.util.Calendar,java.lang.String):589;0.0
org.apache.commons.lang3.time$FastDateParser$TextStrategy#setCalendar(org.apache.commons.lang3.time.FastDateParser,java.util.Calendar,java.lang.String):590;0.0
org.apache.commons.lang3.time$FastDateParser$TextStrategy#setCalendar(org.apache.commons.lang3.time.FastDateParser,java.util.Calendar,java.lang.String):591;0.0
org.apache.commons.lang3.time$FastDateParser$TextStrategy#setCalendar(org.apache.commons.lang3.time.FastDateParser,java.util.Calendar,java.lang.String):592;0.0
org.apache.commons.lang3.time$FastDateParser$TextStrategy#setCalendar(org.apache.commons.lang3.time.FastDateParser,java.util.Calendar,java.lang.String):593;0.0
org.apache.commons.lang3.time$FastDateParser$TextStrategy#setCalendar(org.apache.commons.lang3.time.FastDateParser,java.util.Calendar,java.lang.String):595;0.0
org.apache.commons.lang3.time$FastDateParser$TextStrategy#setCalendar(org.apache.commons.lang3.time.FastDateParser,java.util.Calendar,java.lang.String):596;0.0
org.apache.commons.lang3.time$FastDatePrinter$UnpaddedMonthField#FastDatePrinter$UnpaddedMonthField():765;0.0
org.apache.commons.lang3.time$FastDatePrinter$UnpaddedMonthField#FastDatePrinter$UnpaddedMonthField():766;0.0
org.apache.commons.lang3.time$FastDatePrinter$UnpaddedMonthField#<clinit>():758;0.0
org.apache.commons.lang3.time$FastDatePrinter$UnpaddedMonthField#estimateLength():773;0.0
org.apache.commons.lang3.time$FastDatePrinter$UnpaddedMonthField#appendTo(java.lang.StringBuffer,java.util.Calendar):781;0.0
org.apache.commons.lang3.time$FastDatePrinter$UnpaddedMonthField#appendTo(java.lang.StringBuffer,java.util.Calendar):782;0.0
org.apache.commons.lang3.time$FastDatePrinter$UnpaddedMonthField#appendTo(java.lang.StringBuffer,int):789;0.0
org.apache.commons.lang3.time$FastDatePrinter$UnpaddedMonthField#appendTo(java.lang.StringBuffer,int):790;0.0
org.apache.commons.lang3.time$FastDatePrinter$UnpaddedMonthField#appendTo(java.lang.StringBuffer,int):792;0.0
org.apache.commons.lang3.time$FastDatePrinter$UnpaddedMonthField#appendTo(java.lang.StringBuffer,int):793;0.0
org.apache.commons.lang3.time$FastDatePrinter$UnpaddedMonthField#appendTo(java.lang.StringBuffer,int):795;0.0
org.apache.commons.lang3.time$FastDatePrinter$UnpaddedNumberField#FastDatePrinter$UnpaddedNumberField(int):718;0.0
org.apache.commons.lang3.time$FastDatePrinter$UnpaddedNumberField#FastDatePrinter$UnpaddedNumberField(int):719;0.0
org.apache.commons.lang3.time$FastDatePrinter$UnpaddedNumberField#FastDatePrinter$UnpaddedNumberField(int):720;0.0
org.apache.commons.lang3.time$FastDatePrinter$UnpaddedNumberField#estimateLength():727;0.0
org.apache.commons.lang3.time$FastDatePrinter$UnpaddedNumberField#appendTo(java.lang.StringBuffer,java.util.Calendar):735;0.0
org.apache.commons.lang3.time$FastDatePrinter$UnpaddedNumberField#appendTo(java.lang.StringBuffer,java.util.Calendar):736;0.0
org.apache.commons.lang3.time$FastDatePrinter$UnpaddedNumberField#appendTo(java.lang.StringBuffer,int):743;0.0
org.apache.commons.lang3.time$FastDatePrinter$UnpaddedNumberField#appendTo(java.lang.StringBuffer,int):744;0.0
org.apache.commons.lang3.time$FastDatePrinter$UnpaddedNumberField#appendTo(java.lang.StringBuffer,int):745;0.0
org.apache.commons.lang3.time$FastDatePrinter$UnpaddedNumberField#appendTo(java.lang.StringBuffer,int):746;0.0
org.apache.commons.lang3.time$FastDatePrinter$UnpaddedNumberField#appendTo(java.lang.StringBuffer,int):747;0.0
org.apache.commons.lang3.time$FastDatePrinter$UnpaddedNumberField#appendTo(java.lang.StringBuffer,int):749;0.0
org.apache.commons.lang3.time$FastDatePrinter$UnpaddedNumberField#appendTo(java.lang.StringBuffer,int):751;0.0
org.apache.commons.lang3.time$FastDatePrinter$TwoDigitYearField#FastDatePrinter$TwoDigitYearField():918;0.0
org.apache.commons.lang3.time$FastDatePrinter$TwoDigitYearField#FastDatePrinter$TwoDigitYearField():919;0.0
org.apache.commons.lang3.time$FastDatePrinter$TwoDigitYearField#<clinit>():912;0.0
org.apache.commons.lang3.time$FastDatePrinter$TwoDigitYearField#estimateLength():926;0.0
org.apache.commons.lang3.time$FastDatePrinter$TwoDigitYearField#appendTo(java.lang.StringBuffer,java.util.Calendar):934;0.0
org.apache.commons.lang3.time$FastDatePrinter$TwoDigitYearField#appendTo(java.lang.StringBuffer,java.util.Calendar):935;0.0
org.apache.commons.lang3.time$FastDatePrinter$TwoDigitYearField#appendTo(java.lang.StringBuffer,int):942;0.0
org.apache.commons.lang3.time$FastDatePrinter$TwoDigitYearField#appendTo(java.lang.StringBuffer,int):943;0.0
org.apache.commons.lang3.time$FastDatePrinter$TwoDigitYearField#appendTo(java.lang.StringBuffer,int):944;0.0
org.apache.commons.lang3.time$FastDatePrinter$TwelveHourField#FastDatePrinter$TwelveHourField(org.apache.commons.lang3.time.FastDatePrinter$NumberRule):998;0.0
org.apache.commons.lang3.time$FastDatePrinter$TwelveHourField#FastDatePrinter$TwelveHourField(org.apache.commons.lang3.time.FastDatePrinter$NumberRule):999;0.0
org.apache.commons.lang3.time$FastDatePrinter$TwelveHourField#FastDatePrinter$TwelveHourField(org.apache.commons.lang3.time.FastDatePrinter$NumberRule):1000;0.0
org.apache.commons.lang3.time$FastDatePrinter$TwelveHourField#estimateLength():1007;0.0
org.apache.commons.lang3.time$FastDatePrinter$TwelveHourField#appendTo(java.lang.StringBuffer,java.util.Calendar):1015;0.0
org.apache.commons.lang3.time$FastDatePrinter$TwelveHourField#appendTo(java.lang.StringBuffer,java.util.Calendar):1016;0.0
org.apache.commons.lang3.time$FastDatePrinter$TwelveHourField#appendTo(java.lang.StringBuffer,java.util.Calendar):1017;0.0
org.apache.commons.lang3.time$FastDatePrinter$TwelveHourField#appendTo(java.lang.StringBuffer,java.util.Calendar):1019;0.0
org.apache.commons.lang3.time$FastDatePrinter$TwelveHourField#appendTo(java.lang.StringBuffer,java.util.Calendar):1020;0.0
org.apache.commons.lang3.time$FastDatePrinter$TwelveHourField#appendTo(java.lang.StringBuffer,int):1027;0.0
org.apache.commons.lang3.time$FastDatePrinter$TwelveHourField#appendTo(java.lang.StringBuffer,int):1028;0.0
org.apache.commons.lang3.time$FastDatePrinter$TimeZoneNameRule#FastDatePrinter$TimeZoneNameRule(java.util.TimeZone,java.util.Locale,int):1119;0.0
org.apache.commons.lang3.time$FastDatePrinter$TimeZoneNameRule#FastDatePrinter$TimeZoneNameRule(java.util.TimeZone,java.util.Locale,int):1120;0.0
org.apache.commons.lang3.time$FastDatePrinter$TimeZoneNameRule#FastDatePrinter$TimeZoneNameRule(java.util.TimeZone,java.util.Locale,int):1121;0.0
org.apache.commons.lang3.time$FastDatePrinter$TimeZoneNameRule#FastDatePrinter$TimeZoneNameRule(java.util.TimeZone,java.util.Locale,int):1123;0.0
org.apache.commons.lang3.time$FastDatePrinter$TimeZoneNameRule#FastDatePrinter$TimeZoneNameRule(java.util.TimeZone,java.util.Locale,int):1124;0.0
org.apache.commons.lang3.time$FastDatePrinter$TimeZoneNameRule#FastDatePrinter$TimeZoneNameRule(java.util.TimeZone,java.util.Locale,int):1125;0.0
org.apache.commons.lang3.time$FastDatePrinter$TimeZoneNameRule#estimateLength():1135;0.0
org.apache.commons.lang3.time$FastDatePrinter$TimeZoneNameRule#appendTo(java.lang.StringBuffer,java.util.Calendar):1143;0.0
org.apache.commons.lang3.time$FastDatePrinter$TimeZoneNameRule#appendTo(java.lang.StringBuffer,java.util.Calendar):1144;0.0
org.apache.commons.lang3.time$FastDatePrinter$TimeZoneNameRule#appendTo(java.lang.StringBuffer,java.util.Calendar):1146;0.0
org.apache.commons.lang3.time$FastDatePrinter$TimeZoneNameRule#appendTo(java.lang.StringBuffer,java.util.Calendar):1148;0.0
org.apache.commons.lang3.time$FastDatePrinter$TimeZoneNameRule#appendTo(java.lang.StringBuffer,java.util.Calendar):1150;0.0
org.apache.commons.lang3.time$FastDatePrinter$TimeZoneDisplayKey#FastDatePrinter$TimeZoneDisplayKey(java.util.TimeZone,boolean,int,java.util.Locale):1226;0.0
org.apache.commons.lang3.time$FastDatePrinter$TimeZoneDisplayKey#FastDatePrinter$TimeZoneDisplayKey(java.util.TimeZone,boolean,int,java.util.Locale):1227;0.0
org.apache.commons.lang3.time$FastDatePrinter$TimeZoneDisplayKey#FastDatePrinter$TimeZoneDisplayKey(java.util.TimeZone,boolean,int,java.util.Locale):1228;0.0
org.apache.commons.lang3.time$FastDatePrinter$TimeZoneDisplayKey#FastDatePrinter$TimeZoneDisplayKey(java.util.TimeZone,boolean,int,java.util.Locale):1229;0.0
org.apache.commons.lang3.time$FastDatePrinter$TimeZoneDisplayKey#FastDatePrinter$TimeZoneDisplayKey(java.util.TimeZone,boolean,int,java.util.Locale):1231;0.0
org.apache.commons.lang3.time$FastDatePrinter$TimeZoneDisplayKey#FastDatePrinter$TimeZoneDisplayKey(java.util.TimeZone,boolean,int,java.util.Locale):1232;0.0
org.apache.commons.lang3.time$FastDatePrinter$TimeZoneDisplayKey#FastDatePrinter$TimeZoneDisplayKey(java.util.TimeZone,boolean,int,java.util.Locale):1233;0.0
org.apache.commons.lang3.time$FastDatePrinter$TimeZoneDisplayKey#hashCode():1240;0.0
org.apache.commons.lang3.time$FastDatePrinter$TimeZoneDisplayKey#equals(java.lang.Object):1248;0.0
org.apache.commons.lang3.time$FastDatePrinter$TimeZoneDisplayKey#equals(java.lang.Object):1249;0.0
org.apache.commons.lang3.time$FastDatePrinter$TimeZoneDisplayKey#equals(java.lang.Object):1251;0.0
org.apache.commons.lang3.time$FastDatePrinter$TimeZoneDisplayKey#equals(java.lang.Object):1252;0.0
org.apache.commons.lang3.time$FastDatePrinter$TimeZoneDisplayKey#equals(java.lang.Object):1253;0.0
org.apache.commons.lang3.time$FastDatePrinter$TimeZoneDisplayKey#equals(java.lang.Object):1258;0.0
org.apache.commons.lang3.time$FastDatePrinter$TwentyFourHourField#FastDatePrinter$TwentyFourHourField(org.apache.commons.lang3.time.FastDatePrinter$NumberRule):1043;0.0
org.apache.commons.lang3.time$FastDatePrinter$TwentyFourHourField#FastDatePrinter$TwentyFourHourField(org.apache.commons.lang3.time.FastDatePrinter$NumberRule):1044;0.0
org.apache.commons.lang3.time$FastDatePrinter$TwentyFourHourField#FastDatePrinter$TwentyFourHourField(org.apache.commons.lang3.time.FastDatePrinter$NumberRule):1045;0.0
org.apache.commons.lang3.time$FastDatePrinter$TwentyFourHourField#estimateLength():1052;0.0
org.apache.commons.lang3.time$FastDatePrinter$TwentyFourHourField#appendTo(java.lang.StringBuffer,java.util.Calendar):1060;0.0
org.apache.commons.lang3.time$FastDatePrinter$TwentyFourHourField#appendTo(java.lang.StringBuffer,java.util.Calendar):1061;0.0
org.apache.commons.lang3.time$FastDatePrinter$TwentyFourHourField#appendTo(java.lang.StringBuffer,java.util.Calendar):1062;0.0
org.apache.commons.lang3.time$FastDatePrinter$TwentyFourHourField#appendTo(java.lang.StringBuffer,java.util.Calendar):1064;0.0
org.apache.commons.lang3.time$FastDatePrinter$TwentyFourHourField#appendTo(java.lang.StringBuffer,java.util.Calendar):1065;0.0
org.apache.commons.lang3.time$FastDatePrinter$TwentyFourHourField#appendTo(java.lang.StringBuffer,int):1072;0.0
org.apache.commons.lang3.time$FastDatePrinter$TwentyFourHourField#appendTo(java.lang.StringBuffer,int):1073;0.0
org.apache.commons.lang3.text.translate$EntityArrays#EntityArrays():27;0.0
org.apache.commons.lang3.text.translate$EntityArrays#<clinit>():35;0.0
org.apache.commons.lang3.text.translate$EntityArrays#<clinit>():139;0.0
org.apache.commons.lang3.text.translate$EntityArrays#<clinit>():148;0.0
org.apache.commons.lang3.text.translate$EntityArrays#<clinit>():350;0.0
org.apache.commons.lang3.text.translate$EntityArrays#<clinit>():359;0.0
org.apache.commons.lang3.text.translate$EntityArrays#<clinit>():371;0.0
org.apache.commons.lang3.text.translate$EntityArrays#<clinit>():378;0.0
org.apache.commons.lang3.text.translate$EntityArrays#<clinit>():387;0.0
org.apache.commons.lang3.text.translate$EntityArrays#<clinit>():396;0.0
org.apache.commons.lang3.text.translate$EntityArrays#<clinit>():409;0.0
org.apache.commons.lang3.text.translate$EntityArrays#ISO8859_1_ESCAPE():34;0.0
org.apache.commons.lang3.text.translate$EntityArrays#ISO8859_1_UNESCAPE():138;0.0
org.apache.commons.lang3.text.translate$EntityArrays#HTML40_EXTENDED_ESCAPE():147;0.0
org.apache.commons.lang3.text.translate$EntityArrays#HTML40_EXTENDED_UNESCAPE():349;0.0
org.apache.commons.lang3.text.translate$EntityArrays#BASIC_ESCAPE():358;0.0
org.apache.commons.lang3.text.translate$EntityArrays#BASIC_UNESCAPE():370;0.0
org.apache.commons.lang3.text.translate$EntityArrays#APOS_ESCAPE():377;0.0
org.apache.commons.lang3.text.translate$EntityArrays#APOS_UNESCAPE():386;0.0
org.apache.commons.lang3.text.translate$EntityArrays#JAVA_CTRL_CHARS_ESCAPE():395;0.0
org.apache.commons.lang3.text.translate$EntityArrays#JAVA_CTRL_CHARS_UNESCAPE():408;0.0
org.apache.commons.lang3.text.translate$EntityArrays#invert(java.lang.String[][]):417;0.0
org.apache.commons.lang3.text.translate$EntityArrays#invert(java.lang.String[][]):418;0.0
org.apache.commons.lang3.text.translate$EntityArrays#invert(java.lang.String[][]):419;0.0
org.apache.commons.lang3.text.translate$EntityArrays#invert(java.lang.String[][]):420;0.0
org.apache.commons.lang3.text.translate$EntityArrays#invert(java.lang.String[][]):422;0.0
