Line,Suspiciousness
org/jfree/data/general/Series.java#313,0.00847457627118644
org/jfree/data/general/Series.java#314,0.00847457627118644
org/jfree/data/general/Series.java#316,0.00847457627118644
org/jfree/data/general/Series.java#326,0.00847457627118644
org/jfree/data/general/Series.java#327,0.00847457627118644
org/jfree/data/general/Series.java#334,0.00847457627118644
org/jfree/data/general/SeriesChangeEvent.java#61,0.00847457627118644
org/jfree/data/general/SeriesChangeEvent.java#62,0.00847457627118644
org/jfree/data/general/Series.java#102,0.008
org/jfree/data/general/Series.java#103,0.008
org/jfree/data/general/Series.java#111,0.008
org/jfree/data/general/Series.java#112,0.008
org/jfree/data/general/Series.java#115,0.008
org/jfree/data/general/Series.java#116,0.008
org/jfree/data/general/Series.java#117,0.008
org/jfree/data/general/Series.java#118,0.008
org/jfree/data/general/Series.java#119,0.008
org/jfree/data/general/Series.java#120,0.008
org/jfree/data/general/Series.java#113,0.0
org/jfree/data/general/Series.java#130,0.0
org/jfree/data/general/Series.java#142,0.0
org/jfree/data/general/Series.java#143,0.0
org/jfree/data/general/Series.java#145,0.0
org/jfree/data/general/Series.java#146,0.0
org/jfree/data/general/Series.java#147,0.0
org/jfree/data/general/Series.java#148,0.0
org/jfree/data/general/Series.java#158,0.0
org/jfree/data/general/Series.java#170,0.0
org/jfree/data/general/Series.java#171,0.0
org/jfree/data/general/Series.java#172,0.0
org/jfree/data/general/Series.java#173,0.0
org/jfree/data/general/Series.java#174,0.0
org/jfree/data/general/Series.java#185,0.0
org/jfree/data/general/Series.java#197,0.0
org/jfree/data/general/Series.java#198,0.0
org/jfree/data/general/Series.java#199,0.0
org/jfree/data/general/Series.java#201,0.0
org/jfree/data/general/Series.java#212,0.0
org/jfree/data/general/Series.java#241,0.0
org/jfree/data/general/Series.java#242,0.0
org/jfree/data/general/Series.java#243,0.0
org/jfree/data/general/Series.java#244,0.0
org/jfree/data/general/Series.java#256,0.0
org/jfree/data/general/Series.java#257,0.0
org/jfree/data/general/Series.java#259,0.0
org/jfree/data/general/Series.java#260,0.0
org/jfree/data/general/Series.java#262,0.0
org/jfree/data/general/Series.java#263,0.0
org/jfree/data/general/Series.java#264,0.0
org/jfree/data/general/Series.java#266,0.0
org/jfree/data/general/Series.java#267,0.0
org/jfree/data/general/Series.java#269,0.0
org/jfree/data/general/Series.java#279,0.0
org/jfree/data/general/Series.java#280,0.0
org/jfree/data/general/Series.java#281,0.0
org/jfree/data/general/Series.java#282,0.0
org/jfree/data/general/Series.java#295,0.0
org/jfree/data/general/Series.java#296,0.0
org/jfree/data/general/Series.java#305,0.0
org/jfree/data/general/Series.java#306,0.0
org/jfree/data/general/Series.java#328,0.0
org/jfree/data/general/Series.java#329,0.0
org/jfree/data/general/Series.java#330,0.0
org/jfree/data/general/Series.java#342,0.0
org/jfree/data/general/Series.java#343,0.0
org/jfree/data/general/Series.java#351,0.0
org/jfree/data/general/Series.java#352,0.0
org/jfree/data/general/Series.java#363,0.0
org/jfree/data/general/Series.java#364,0.0
org/jfree/data/general/Series.java#365,0.0
org/jfree/chart/util/AbstractObjectList.java#77,0.0
org/jfree/chart/util/AbstractObjectList.java#78,0.0
org/jfree/chart/util/AbstractObjectList.java#86,0.0
org/jfree/chart/util/AbstractObjectList.java#87,0.0
org/jfree/chart/util/AbstractObjectList.java#95,0.0
org/jfree/chart/util/AbstractObjectList.java#68,0.0
org/jfree/chart/util/AbstractObjectList.java#71,0.0
org/jfree/chart/util/AbstractObjectList.java#96,0.0
org/jfree/chart/util/AbstractObjectList.java#97,0.0
org/jfree/chart/util/AbstractObjectList.java#98,0.0
org/jfree/chart/util/AbstractObjectList.java#109,0.0
org/jfree/chart/util/AbstractObjectList.java#110,0.0
org/jfree/chart/util/AbstractObjectList.java#111,0.0
org/jfree/chart/util/AbstractObjectList.java#113,0.0
org/jfree/chart/util/AbstractObjectList.java#123,0.0
org/jfree/chart/util/AbstractObjectList.java#124,0.0
org/jfree/chart/util/AbstractObjectList.java#126,0.0
org/jfree/chart/util/AbstractObjectList.java#127,0.0
org/jfree/chart/util/AbstractObjectList.java#128,0.0
org/jfree/chart/util/AbstractObjectList.java#129,0.0
org/jfree/chart/util/AbstractObjectList.java#131,0.0
org/jfree/chart/util/AbstractObjectList.java#132,0.0
org/jfree/chart/util/AbstractObjectList.java#133,0.0
org/jfree/chart/util/AbstractObjectList.java#139,0.0
org/jfree/chart/util/AbstractObjectList.java#140,0.0
org/jfree/chart/util/AbstractObjectList.java#141,0.0
org/jfree/chart/util/AbstractObjectList.java#149,0.0
org/jfree/chart/util/AbstractObjectList.java#161,0.0
org/jfree/chart/util/AbstractObjectList.java#162,0.0
org/jfree/chart/util/AbstractObjectList.java#163,0.0
org/jfree/chart/util/AbstractObjectList.java#166,0.0
org/jfree/chart/util/AbstractObjectList.java#178,0.0
org/jfree/chart/util/AbstractObjectList.java#179,0.0
org/jfree/chart/util/AbstractObjectList.java#182,0.0
org/jfree/chart/util/AbstractObjectList.java#183,0.0
org/jfree/chart/util/AbstractObjectList.java#186,0.0
org/jfree/chart/util/AbstractObjectList.java#187,0.0
org/jfree/chart/util/AbstractObjectList.java#190,0.0
org/jfree/chart/util/AbstractObjectList.java#191,0.0
org/jfree/chart/util/AbstractObjectList.java#192,0.0
org/jfree/chart/util/AbstractObjectList.java#193,0.0
org/jfree/chart/util/AbstractObjectList.java#194,0.0
org/jfree/chart/util/AbstractObjectList.java#197,0.0
org/jfree/chart/util/AbstractObjectList.java#206,0.0
org/jfree/chart/util/AbstractObjectList.java#207,0.0
org/jfree/chart/util/AbstractObjectList.java#208,0.0
org/jfree/chart/util/AbstractObjectList.java#211,0.0
org/jfree/chart/util/AbstractObjectList.java#212,0.0
org/jfree/chart/util/AbstractObjectList.java#213,0.0
org/jfree/chart/util/AbstractObjectList.java#214,0.0
org/jfree/chart/util/AbstractObjectList.java#215,0.0
org/jfree/chart/util/AbstractObjectList.java#216,0.0
org/jfree/chart/util/AbstractObjectList.java#217,0.0
org/jfree/chart/util/AbstractObjectList.java#221,0.0
org/jfree/chart/util/AbstractObjectList.java#235,0.0
org/jfree/chart/util/AbstractObjectList.java#236,0.0
org/jfree/chart/util/AbstractObjectList.java#237,0.0
org/jfree/chart/util/AbstractObjectList.java#238,0.0
org/jfree/chart/util/AbstractObjectList.java#239,0.0
org/jfree/chart/util/AbstractObjectList.java#241,0.0
org/jfree/chart/util/AbstractObjectList.java#255,0.0
org/jfree/chart/util/AbstractObjectList.java#256,0.0
org/jfree/chart/util/AbstractObjectList.java#257,0.0
org/jfree/chart/util/AbstractObjectList.java#258,0.0
org/jfree/chart/util/AbstractObjectList.java#259,0.0
org/jfree/chart/util/AbstractObjectList.java#260,0.0
org/jfree/chart/util/AbstractObjectList.java#261,0.0
org/jfree/chart/util/AbstractObjectList.java#262,0.0
org/jfree/chart/util/AbstractObjectList.java#265,0.0
org/jfree/chart/util/AbstractObjectList.java#269,0.0
org/jfree/chart/util/AbstractObjectList.java#282,0.0
org/jfree/chart/util/AbstractObjectList.java#283,0.0
org/jfree/chart/util/AbstractObjectList.java#284,0.0
org/jfree/chart/util/AbstractObjectList.java#285,0.0
org/jfree/chart/util/AbstractObjectList.java#286,0.0
org/jfree/chart/util/AbstractObjectList.java#287,0.0
org/jfree/chart/util/AbstractObjectList.java#288,0.0
org/jfree/chart/util/AbstractObjectList.java#292,0.0
org/jfree/chart/util/ShapeList.java#59,0.0
org/jfree/chart/util/ShapeList.java#60,0.0
org/jfree/chart/util/ShapeList.java#70,0.0
org/jfree/chart/util/ShapeList.java#81,0.0
org/jfree/chart/util/ShapeList.java#82,0.0
org/jfree/chart/util/ShapeList.java#93,0.0
org/jfree/chart/util/ShapeList.java#105,0.0
org/jfree/chart/util/ShapeList.java#106,0.0
org/jfree/chart/util/ShapeList.java#108,0.0
org/jfree/chart/util/ShapeList.java#109,0.0
org/jfree/chart/util/ShapeList.java#111,0.0
org/jfree/chart/util/ShapeList.java#112,0.0
org/jfree/chart/util/ShapeList.java#113,0.0
org/jfree/chart/util/ShapeList.java#114,0.0
org/jfree/chart/util/ShapeList.java#115,0.0
org/jfree/chart/util/ShapeList.java#118,0.0
org/jfree/chart/util/ShapeList.java#128,0.0
org/jfree/chart/util/ShapeList.java#140,0.0
org/jfree/chart/util/ShapeList.java#141,0.0
org/jfree/chart/util/ShapeList.java#142,0.0
org/jfree/chart/util/ShapeList.java#143,0.0
org/jfree/chart/util/ShapeList.java#144,0.0
org/jfree/chart/util/ShapeList.java#145,0.0
org/jfree/chart/util/ShapeList.java#146,0.0
org/jfree/chart/util/ShapeList.java#147,0.0
org/jfree/chart/util/ShapeList.java#150,0.0
org/jfree/chart/util/ShapeList.java#154,0.0
org/jfree/chart/util/ShapeList.java#167,0.0
org/jfree/chart/util/ShapeList.java#168,0.0
org/jfree/chart/util/ShapeList.java#169,0.0
org/jfree/chart/util/ShapeList.java#170,0.0
org/jfree/chart/util/ShapeList.java#171,0.0
org/jfree/chart/util/ShapeList.java#172,0.0
org/jfree/chart/util/ShapeList.java#176,0.0
org/jfree/chart/util/ObjectUtilities.java#89,0.0
org/jfree/chart/util/ObjectUtilities.java#90,0.0
org/jfree/chart/util/ObjectUtilities.java#80,0.0
org/jfree/chart/util/ObjectUtilities.java#99,0.0
org/jfree/chart/util/ObjectUtilities.java#113,0.0
org/jfree/chart/util/ObjectUtilities.java#114,0.0
org/jfree/chart/util/ObjectUtilities.java#125,0.0
org/jfree/chart/util/ObjectUtilities.java#126,0.0
org/jfree/chart/util/ObjectUtilities.java#128,0.0
org/jfree/chart/util/ObjectUtilities.java#129,0.0
org/jfree/chart/util/ObjectUtilities.java#132,0.0
org/jfree/chart/util/ObjectUtilities.java#145,0.0
org/jfree/chart/util/ObjectUtilities.java#146,0.0
org/jfree/chart/util/ObjectUtilities.java#147,0.0
org/jfree/chart/util/ObjectUtilities.java#149,0.0
org/jfree/chart/util/ObjectUtilities.java#162,0.0
org/jfree/chart/util/ObjectUtilities.java#163,0.0
org/jfree/chart/util/ObjectUtilities.java#165,0.0
org/jfree/chart/util/ObjectUtilities.java#166,0.0
org/jfree/chart/util/ObjectUtilities.java#167,0.0
org/jfree/chart/util/ObjectUtilities.java#171,0.0
org/jfree/chart/util/ObjectUtilities.java#172,0.0
org/jfree/chart/util/ObjectUtilities.java#173,0.0
org/jfree/chart/util/ObjectUtilities.java#174,0.0
org/jfree/chart/util/ObjectUtilities.java#185,0.0
org/jfree/chart/util/ObjectUtilities.java#177,0.0
org/jfree/chart/util/ObjectUtilities.java#178,0.0
org/jfree/chart/util/ObjectUtilities.java#180,0.0
org/jfree/chart/util/ObjectUtilities.java#181,0.0
org/jfree/chart/util/ObjectUtilities.java#183,0.0
org/jfree/chart/util/ObjectUtilities.java#184,0.0
org/jfree/chart/util/ObjectUtilities.java#187,0.0
org/jfree/chart/util/ObjectUtilities.java#203,0.0
org/jfree/chart/util/ObjectUtilities.java#204,0.0
org/jfree/chart/util/ObjectUtilities.java#209,0.0
org/jfree/chart/util/ObjectUtilities.java#210,0.0
org/jfree/chart/util/ObjectUtilities.java#211,0.0
org/jfree/chart/util/ObjectUtilities.java#212,0.0
org/jfree/chart/util/ObjectUtilities.java#213,0.0
org/jfree/chart/util/ObjectUtilities.java#214,0.0
org/jfree/chart/util/ObjectUtilities.java#215,0.0
org/jfree/chart/util/ObjectUtilities.java#216,0.0
org/jfree/chart/util/ObjectUtilities.java#219,0.0
org/jfree/chart/util/ObjectUtilities.java#221,0.0
org/jfree/chart/util/ObjectUtilities.java#222,0.0
org/jfree/chart/util/ObjectUtilities.java#232,0.0
org/jfree/chart/util/ObjectUtilities.java#233,0.0
org/jfree/chart/util/ObjectUtilities.java#241,0.0
org/jfree/chart/util/ObjectUtilities.java#255,0.0
org/jfree/chart/util/ObjectUtilities.java#256,0.0
org/jfree/chart/util/ObjectUtilities.java#258,0.0
org/jfree/chart/util/ObjectUtilities.java#259,0.0
org/jfree/chart/util/ObjectUtilities.java#260,0.0
org/jfree/chart/util/ObjectUtilities.java#261,0.0
org/jfree/chart/util/ObjectUtilities.java#262,0.0
org/jfree/chart/util/ObjectUtilities.java#267,0.0
org/jfree/chart/util/ObjectUtilities.java#268,0.0
org/jfree/chart/util/ObjectUtilities.java#269,0.0
org/jfree/chart/util/ObjectUtilities.java#272,0.0
org/jfree/chart/util/ObjectUtilities.java#285,0.0
org/jfree/chart/util/ObjectUtilities.java#286,0.0
org/jfree/chart/util/ObjectUtilities.java#287,0.0
org/jfree/chart/util/ObjectUtilities.java#289,0.0
org/jfree/chart/util/ObjectUtilities.java#300,0.0
org/jfree/chart/util/ObjectUtilities.java#301,0.0
org/jfree/chart/util/ObjectUtilities.java#302,0.0
org/jfree/chart/util/ObjectUtilities.java#303,0.0
org/jfree/chart/util/ObjectUtilities.java#305,0.0
org/jfree/chart/util/ObjectUtilities.java#319,0.0
org/jfree/chart/util/ObjectUtilities.java#321,0.0
org/jfree/chart/util/ObjectUtilities.java#325,0.0
org/jfree/chart/util/ObjectUtilities.java#326,0.0
org/jfree/chart/util/ObjectUtilities.java#329,0.0
org/jfree/chart/util/ObjectUtilities.java#330,0.0
org/jfree/chart/util/ObjectUtilities.java#331,0.0
org/jfree/chart/util/ObjectUtilities.java#332,0.0
org/jfree/chart/util/ObjectUtilities.java#335,0.0
org/jfree/chart/util/ObjectUtilities.java#336,0.0
org/jfree/chart/util/ObjectUtilities.java#349,0.0
org/jfree/chart/util/ObjectUtilities.java#350,0.0
org/jfree/chart/util/ObjectUtilities.java#351,0.0
org/jfree/chart/util/ObjectUtilities.java#355,0.0
org/jfree/chart/util/ObjectUtilities.java#357,0.0
org/jfree/chart/util/ObjectUtilities.java#358,0.0
org/jfree/chart/util/ObjectUtilities.java#372,0.0
org/jfree/chart/util/ObjectUtilities.java#373,0.0
org/jfree/chart/util/ObjectUtilities.java#374,0.0
org/jfree/chart/util/ObjectUtilities.java#378,0.0
org/jfree/chart/util/ObjectUtilities.java#380,0.0
org/jfree/chart/util/ObjectUtilities.java#381,0.0
org/jfree/chart/util/ObjectUtilities.java#396,0.0
org/jfree/chart/util/ObjectUtilities.java#397,0.0
org/jfree/chart/util/ObjectUtilities.java#398,0.0
org/jfree/chart/util/ObjectUtilities.java#400,0.0
org/jfree/chart/util/ObjectUtilities.java#401,0.0
org/jfree/chart/util/ObjectUtilities.java#421,0.0
org/jfree/chart/util/ObjectUtilities.java#422,0.0
org/jfree/chart/util/ObjectUtilities.java#423,0.0
org/jfree/chart/util/ObjectUtilities.java#424,0.0
org/jfree/chart/util/ObjectUtilities.java#429,0.0
org/jfree/chart/util/ObjectUtilities.java#427,0.0
org/jfree/chart/util/ObjectUtilities.java#428,0.0
org/jfree/chart/util/ObjectUtilities.java#430,0.0
org/jfree/chart/util/ObjectUtilities.java#439,0.0
org/jfree/chart/util/ObjectUtilities.java#440,0.0
org/jfree/chart/util/ObjectUtilities.java#442,0.0
org/jfree/chart/util/ObjectUtilities.java#443,0.0
org/jfree/chart/util/ObjectUtilities.java#445,0.0
org/jfree/chart/util/ObjectUtilities.java#446,0.0
org/jfree/chart/util/ObjectUtilities.java#448,0.0
org/jfree/chart/util/ObjectUtilities.java#455,0.0
org/jfree/chart/util/ObjectUtilities.java#456,0.0
org/jfree/chart/util/ObjectUtilities.java#458,0.0
org/jfree/chart/util/ObjectUtilities.java#459,0.0
org/jfree/chart/util/ObjectUtilities.java#462,0.0
org/jfree/chart/util/ObjectUtilities.java#463,0.0
org/jfree/chart/util/ObjectUtilities.java#464,0.0
org/jfree/chart/util/ObjectUtilities.java#466,0.0
org/jfree/chart/util/ObjectUtilities.java#467,0.0
org/jfree/chart/util/ObjectUtilities.java#472,0.0
org/jfree/chart/util/ObjectUtilities.java#473,0.0
org/jfree/chart/util/ObjectUtilities.java#476,0.0
org/jfree/chart/util/ObjectUtilities.java#477,0.0
org/jfree/chart/util/ObjectUtilities.java#478,0.0
org/jfree/chart/util/ObjectUtilities.java#479,0.0
org/jfree/chart/util/ObjectUtilities.java#481,0.0
org/jfree/chart/util/ShapeUtilities.java#85,0.0
org/jfree/chart/util/ShapeUtilities.java#86,0.0
org/jfree/chart/util/ShapeUtilities.java#390,0.0
org/jfree/chart/util/ShapeUtilities.java#104,0.0
org/jfree/chart/util/ShapeUtilities.java#106,0.0
org/jfree/chart/util/ShapeUtilities.java#108,0.0
org/jfree/chart/util/ShapeUtilities.java#111,0.0
org/jfree/chart/util/ShapeUtilities.java#112,0.0
org/jfree/chart/util/ShapeUtilities.java#129,0.0
org/jfree/chart/util/ShapeUtilities.java#130,0.0
org/jfree/chart/util/ShapeUtilities.java#132,0.0
org/jfree/chart/util/ShapeUtilities.java#133,0.0
org/jfree/chart/util/ShapeUtilities.java#135,0.0
org/jfree/chart/util/ShapeUtilities.java#136,0.0
org/jfree/chart/util/ShapeUtilities.java#138,0.0
org/jfree/chart/util/ShapeUtilities.java#139,0.0
org/jfree/chart/util/ShapeUtilities.java#141,0.0
org/jfree/chart/util/ShapeUtilities.java#142,0.0
org/jfree/chart/util/ShapeUtilities.java#146,0.0
org/jfree/chart/util/ShapeUtilities.java#160,0.0
org/jfree/chart/util/ShapeUtilities.java#161,0.0
org/jfree/chart/util/ShapeUtilities.java#163,0.0
org/jfree/chart/util/ShapeUtilities.java#164,0.0
org/jfree/chart/util/ShapeUtilities.java#166,0.0
org/jfree/chart/util/ShapeUtilities.java#167,0.0
org/jfree/chart/util/ShapeUtilities.java#169,0.0
org/jfree/chart/util/ShapeUtilities.java#170,0.0
org/jfree/chart/util/ShapeUtilities.java#172,0.0
org/jfree/chart/util/ShapeUtilities.java#185,0.0
org/jfree/chart/util/ShapeUtilities.java#186,0.0
org/jfree/chart/util/ShapeUtilities.java#188,0.0
org/jfree/chart/util/ShapeUtilities.java#189,0.0
org/jfree/chart/util/ShapeUtilities.java#191,0.0
org/jfree/chart/util/ShapeUtilities.java#192,0.0
org/jfree/chart/util/ShapeUtilities.java#194,0.0
org/jfree/chart/util/ShapeUtilities.java#207,0.0
org/jfree/chart/util/ShapeUtilities.java#208,0.0
org/jfree/chart/util/ShapeUtilities.java#210,0.0
org/jfree/chart/util/ShapeUtilities.java#211,0.0
org/jfree/chart/util/ShapeUtilities.java#213,0.0
org/jfree/chart/util/ShapeUtilities.java#214,0.0
org/jfree/chart/util/ShapeUtilities.java#216,0.0
org/jfree/chart/util/ShapeUtilities.java#217,0.0
org/jfree/chart/util/ShapeUtilities.java#219,0.0
org/jfree/chart/util/ShapeUtilities.java#220,0.0
org/jfree/chart/util/ShapeUtilities.java#222,0.0
org/jfree/chart/util/ShapeUtilities.java#223,0.0
org/jfree/chart/util/ShapeUtilities.java#225,0.0
org/jfree/chart/util/ShapeUtilities.java#238,0.0
org/jfree/chart/util/ShapeUtilities.java#239,0.0
org/jfree/chart/util/ShapeUtilities.java#241,0.0
org/jfree/chart/util/ShapeUtilities.java#242,0.0
org/jfree/chart/util/ShapeUtilities.java#244,0.0
org/jfree/chart/util/ShapeUtilities.java#245,0.0
org/jfree/chart/util/ShapeUtilities.java#247,0.0
org/jfree/chart/util/ShapeUtilities.java#248,0.0
org/jfree/chart/util/ShapeUtilities.java#250,0.0
org/jfree/chart/util/ShapeUtilities.java#251,0.0
org/jfree/chart/util/ShapeUtilities.java#253,0.0
org/jfree/chart/util/ShapeUtilities.java#266,0.0
org/jfree/chart/util/ShapeUtilities.java#267,0.0
org/jfree/chart/util/ShapeUtilities.java#269,0.0
org/jfree/chart/util/ShapeUtilities.java#270,0.0
org/jfree/chart/util/ShapeUtilities.java#272,0.0
org/jfree/chart/util/ShapeUtilities.java#273,0.0
org/jfree/chart/util/ShapeUtilities.java#275,0.0
org/jfree/chart/util/ShapeUtilities.java#276,0.0
org/jfree/chart/util/ShapeUtilities.java#277,0.0
org/jfree/chart/util/ShapeUtilities.java#278,0.0
org/jfree/chart/util/ShapeUtilities.java#279,0.0
org/jfree/chart/util/ShapeUtilities.java#280,0.0
org/jfree/chart/util/ShapeUtilities.java#281,0.0
org/jfree/chart/util/ShapeUtilities.java#282,0.0
org/jfree/chart/util/ShapeUtilities.java#284,0.0
org/jfree/chart/util/ShapeUtilities.java#285,0.0
org/jfree/chart/util/ShapeUtilities.java#286,0.0
org/jfree/chart/util/ShapeUtilities.java#287,0.0
org/jfree/chart/util/ShapeUtilities.java#289,0.0
org/jfree/chart/util/ShapeUtilities.java#290,0.0
org/jfree/chart/util/ShapeUtilities.java#292,0.0
org/jfree/chart/util/ShapeUtilities.java#293,0.0
org/jfree/chart/util/ShapeUtilities.java#294,0.0
org/jfree/chart/util/ShapeUtilities.java#295,0.0
org/jfree/chart/util/ShapeUtilities.java#296,0.0
org/jfree/chart/util/ShapeUtilities.java#311,0.0
org/jfree/chart/util/ShapeUtilities.java#312,0.0
org/jfree/chart/util/ShapeUtilities.java#314,0.0
org/jfree/chart/util/ShapeUtilities.java#315,0.0
org/jfree/chart/util/ShapeUtilities.java#316,0.0
org/jfree/chart/util/ShapeUtilities.java#335,0.0
org/jfree/chart/util/ShapeUtilities.java#336,0.0
org/jfree/chart/util/ShapeUtilities.java#338,0.0
org/jfree/chart/util/ShapeUtilities.java#339,0.0
org/jfree/chart/util/ShapeUtilities.java#341,0.0
org/jfree/chart/util/ShapeUtilities.java#342,0.0
org/jfree/chart/util/ShapeUtilities.java#343,0.0
org/jfree/chart/util/ShapeUtilities.java#344,0.0
org/jfree/chart/util/ShapeUtilities.java#345,0.0
org/jfree/chart/util/ShapeUtilities.java#361,0.0
org/jfree/chart/util/ShapeUtilities.java#362,0.0
org/jfree/chart/util/ShapeUtilities.java#364,0.0
org/jfree/chart/util/ShapeUtilities.java#365,0.0
org/jfree/chart/util/ShapeUtilities.java#366,0.0
org/jfree/chart/util/ShapeUtilities.java#381,0.0
org/jfree/chart/util/ShapeUtilities.java#382,0.0
org/jfree/chart/util/ShapeUtilities.java#383,0.0
org/jfree/chart/util/ShapeUtilities.java#384,0.0
org/jfree/chart/util/ShapeUtilities.java#385,0.0
org/jfree/chart/util/ShapeUtilities.java#387,0.0
org/jfree/chart/util/ShapeUtilities.java#401,0.0
org/jfree/chart/util/ShapeUtilities.java#402,0.0
org/jfree/chart/util/ShapeUtilities.java#403,0.0
org/jfree/chart/util/ShapeUtilities.java#404,0.0
org/jfree/chart/util/ShapeUtilities.java#405,0.0
org/jfree/chart/util/ShapeUtilities.java#406,0.0
org/jfree/chart/util/ShapeUtilities.java#407,0.0
org/jfree/chart/util/ShapeUtilities.java#408,0.0
org/jfree/chart/util/ShapeUtilities.java#409,0.0
org/jfree/chart/util/ShapeUtilities.java#410,0.0
org/jfree/chart/util/ShapeUtilities.java#411,0.0
org/jfree/chart/util/ShapeUtilities.java#412,0.0
org/jfree/chart/util/ShapeUtilities.java#413,0.0
org/jfree/chart/util/ShapeUtilities.java#414,0.0
org/jfree/chart/util/ShapeUtilities.java#415,0.0
org/jfree/chart/util/ShapeUtilities.java#427,0.0
org/jfree/chart/util/ShapeUtilities.java#428,0.0
org/jfree/chart/util/ShapeUtilities.java#429,0.0
org/jfree/chart/util/ShapeUtilities.java#430,0.0
org/jfree/chart/util/ShapeUtilities.java#431,0.0
org/jfree/chart/util/ShapeUtilities.java#432,0.0
org/jfree/chart/util/ShapeUtilities.java#433,0.0
org/jfree/chart/util/ShapeUtilities.java#434,0.0
org/jfree/chart/util/ShapeUtilities.java#435,0.0
org/jfree/chart/util/ShapeUtilities.java#436,0.0
org/jfree/chart/util/ShapeUtilities.java#437,0.0
org/jfree/chart/util/ShapeUtilities.java#438,0.0
org/jfree/chart/util/ShapeUtilities.java#439,0.0
org/jfree/chart/util/ShapeUtilities.java#440,0.0
org/jfree/chart/util/ShapeUtilities.java#441,0.0
org/jfree/chart/util/ShapeUtilities.java#452,0.0
org/jfree/chart/util/ShapeUtilities.java#453,0.0
org/jfree/chart/util/ShapeUtilities.java#454,0.0
org/jfree/chart/util/ShapeUtilities.java#455,0.0
org/jfree/chart/util/ShapeUtilities.java#456,0.0
org/jfree/chart/util/ShapeUtilities.java#457,0.0
org/jfree/chart/util/ShapeUtilities.java#458,0.0
org/jfree/chart/util/ShapeUtilities.java#469,0.0
org/jfree/chart/util/ShapeUtilities.java#470,0.0
org/jfree/chart/util/ShapeUtilities.java#471,0.0
org/jfree/chart/util/ShapeUtilities.java#472,0.0
org/jfree/chart/util/ShapeUtilities.java#473,0.0
org/jfree/chart/util/ShapeUtilities.java#474,0.0
org/jfree/chart/util/ShapeUtilities.java#485,0.0
org/jfree/chart/util/ShapeUtilities.java#486,0.0
org/jfree/chart/util/ShapeUtilities.java#487,0.0
org/jfree/chart/util/ShapeUtilities.java#488,0.0
org/jfree/chart/util/ShapeUtilities.java#489,0.0
org/jfree/chart/util/ShapeUtilities.java#490,0.0
org/jfree/chart/util/ShapeUtilities.java#504,0.0
org/jfree/chart/util/ShapeUtilities.java#505,0.0
org/jfree/chart/util/ShapeUtilities.java#506,0.0
org/jfree/chart/util/ShapeUtilities.java#507,0.0
org/jfree/chart/util/ShapeUtilities.java#508,0.0
org/jfree/chart/util/ShapeUtilities.java#509,0.0
org/jfree/chart/util/ShapeUtilities.java#510,0.0
org/jfree/chart/util/ShapeUtilities.java#511,0.0
org/jfree/chart/util/ShapeUtilities.java#512,0.0
org/jfree/chart/util/ShapeUtilities.java#513,0.0
org/jfree/chart/util/ShapeUtilities.java#514,0.0
org/jfree/chart/util/ShapeUtilities.java#515,0.0
org/jfree/chart/util/ShapeUtilities.java#516,0.0
org/jfree/chart/util/ShapeUtilities.java#517,0.0
org/jfree/chart/util/ShapeUtilities.java#518,0.0
org/jfree/chart/util/ShapeUtilities.java#521,0.0
org/jfree/chart/util/ShapeUtilities.java#522,0.0
org/jfree/chart/util/ShapeUtilities.java#523,0.0
org/jfree/chart/util/ShapeUtilities.java#524,0.0
org/jfree/chart/util/ShapeUtilities.java#525,0.0
org/jfree/chart/util/ShapeUtilities.java#527,0.0
org/jfree/chart/util/ShapeUtilities.java#546,0.0
org/jfree/chart/util/ShapeUtilities.java#547,0.0
org/jfree/chart/util/ShapeUtilities.java#548,0.0
org/jfree/chart/util/ShapeUtilities.java#563,0.0
org/jfree/chart/util/ShapeUtilities.java#564,0.0
org/jfree/chart/util/ShapeUtilities.java#565,0.0
org/jfree/chart/util/ShapeUtilities.java#566,0.0
org/jfree/chart/util/ShapeUtilities.java#567,0.0
org/jfree/chart/util/ShapeUtilities.java#568,0.0
org/jfree/chart/util/ShapeUtilities.java#570,0.0
org/jfree/chart/util/ShapeUtilities.java#571,0.0
org/jfree/chart/util/ShapeUtilities.java#572,0.0
org/jfree/chart/util/ShapeUtilities.java#588,0.0
org/jfree/chart/util/ShapeUtilities.java#589,0.0
org/jfree/chart/util/ShapeUtilities.java#591,0.0
org/jfree/chart/util/ShapeUtilities.java#592,0.0
org/jfree/chart/util/ShapeUtilities.java#593,0.0
org/jfree/chart/util/ShapeUtilities.java#594,0.0
org/jfree/chart/util/ShapeUtilities.java#595,0.0
org/jfree/chart/util/ShapeUtilities.java#596,0.0
org/jfree/chart/util/ShapeUtilities.java#612,0.0
org/jfree/chart/util/ShapeUtilities.java#613,0.0
org/jfree/chart/util/ShapeUtilities.java#614,0.0
org/jfree/chart/util/ShapeUtilities.java#615,0.0
org/jfree/chart/util/ShapeUtilities.java#617,0.0
org/jfree/chart/util/ShapeUtilities.java#618,0.0
org/jfree/chart/util/ShapeUtilities.java#619,0.0
org/jfree/chart/util/ShapeUtilities.java#620,0.0
org/jfree/chart/util/ShapeUtilities.java#622,0.0
org/jfree/chart/util/ShapeUtilities.java#623,0.0
org/jfree/chart/util/ShapeUtilities.java#625,0.0
org/jfree/chart/util/ShapeUtilities.java#626,0.0
org/jfree/chart/util/ShapeUtilities.java#627,0.0
org/jfree/chart/util/ShapeUtilities.java#629,0.0
org/jfree/chart/util/ShapeUtilities.java#630,0.0
org/jfree/chart/util/ShapeUtilities.java#633,0.0
org/jfree/chart/util/ShapeUtilities.java#636,0.0
org/jfree/chart/util/ShapeUtilities.java#637,0.0
org/jfree/chart/util/ShapeUtilities.java#638,0.0
org/jfree/chart/util/ShapeUtilities.java#639,0.0
org/jfree/chart/util/ShapeUtilities.java#641,0.0
org/jfree/chart/util/ShapeUtilities.java#642,0.0
org/jfree/chart/util/ShapeUtilities.java#643,0.0
org/jfree/chart/util/ShapeUtilities.java#644,0.0
org/jfree/chart/util/ShapeUtilities.java#646,0.0
org/jfree/chart/util/ShapeUtilities.java#647,0.0
org/jfree/chart/util/ShapeUtilities.java#648,0.0
org/jfree/chart/util/ShapeUtilities.java#649,0.0
org/jfree/chart/util/ShapeUtilities.java#651,0.0
org/jfree/chart/util/ShapeUtilities.java#652,0.0
org/jfree/chart/util/ShapeUtilities.java#653,0.0
org/jfree/chart/util/ShapeUtilities.java#654,0.0
org/jfree/chart/util/ShapeUtilities.java#656,0.0
org/jfree/chart/util/ShapeUtilities.java#658,0.0
org/jfree/chart/util/ShapeUtilities.java#661,0.0
org/jfree/chart/util/ShapeUtilities.java#662,0.0
org/jfree/chart/util/ShapeUtilities.java#663,0.0
org/jfree/chart/util/ShapeUtilities.java#664,0.0
org/jfree/chart/util/ShapeUtilities.java#666,0.0
org/jfree/chart/util/ShapeUtilities.java#667,0.0
org/jfree/chart/util/ShapeUtilities.java#668,0.0
org/jfree/chart/util/ShapeUtilities.java#669,0.0
org/jfree/chart/util/ShapeUtilities.java#671,0.0
org/jfree/chart/util/ShapeUtilities.java#672,0.0
org/jfree/chart/util/ShapeUtilities.java#673,0.0
org/jfree/chart/util/ShapeUtilities.java#674,0.0
org/jfree/chart/util/ShapeUtilities.java#676,0.0
org/jfree/chart/util/ShapeUtilities.java#677,0.0
org/jfree/chart/util/ShapeUtilities.java#678,0.0
org/jfree/chart/util/ShapeUtilities.java#679,0.0
org/jfree/chart/util/ShapeUtilities.java#681,0.0
org/jfree/chart/util/ShapeUtilities.java#683,0.0
org/jfree/chart/util/ShapeUtilities.java#685,0.0
org/jfree/chart/util/ShapeUtilities.java#686,0.0
org/jfree/chart/util/SerialUtilities.java#89,0.0
org/jfree/chart/util/SerialUtilities.java#90,0.0
org/jfree/chart/util/SerialUtilities.java#101,0.0
org/jfree/chart/util/SerialUtilities.java#118,0.0
org/jfree/chart/util/SerialUtilities.java#119,0.0
org/jfree/chart/util/SerialUtilities.java#121,0.0
org/jfree/chart/util/SerialUtilities.java#122,0.0
org/jfree/chart/util/SerialUtilities.java#123,0.0
org/jfree/chart/util/SerialUtilities.java#124,0.0
org/jfree/chart/util/SerialUtilities.java#125,0.0
org/jfree/chart/util/SerialUtilities.java#126,0.0
org/jfree/chart/util/SerialUtilities.java#128,0.0
org/jfree/chart/util/SerialUtilities.java#129,0.0
org/jfree/chart/util/SerialUtilities.java#130,0.0
org/jfree/chart/util/SerialUtilities.java#131,0.0
org/jfree/chart/util/SerialUtilities.java#132,0.0
org/jfree/chart/util/SerialUtilities.java#133,0.0
org/jfree/chart/util/SerialUtilities.java#134,0.0
org/jfree/chart/util/SerialUtilities.java#135,0.0
org/jfree/chart/util/SerialUtilities.java#136,0.0
org/jfree/chart/util/SerialUtilities.java#139,0.0
org/jfree/chart/util/SerialUtilities.java#154,0.0
org/jfree/chart/util/SerialUtilities.java#155,0.0
org/jfree/chart/util/SerialUtilities.java#157,0.0
org/jfree/chart/util/SerialUtilities.java#158,0.0
org/jfree/chart/util/SerialUtilities.java#159,0.0
org/jfree/chart/util/SerialUtilities.java#160,0.0
org/jfree/chart/util/SerialUtilities.java#161,0.0
org/jfree/chart/util/SerialUtilities.java#163,0.0
org/jfree/chart/util/SerialUtilities.java#164,0.0
org/jfree/chart/util/SerialUtilities.java#165,0.0
org/jfree/chart/util/SerialUtilities.java#166,0.0
org/jfree/chart/util/SerialUtilities.java#167,0.0
org/jfree/chart/util/SerialUtilities.java#168,0.0
org/jfree/chart/util/SerialUtilities.java#169,0.0
org/jfree/chart/util/SerialUtilities.java#170,0.0
org/jfree/chart/util/SerialUtilities.java#171,0.0
org/jfree/chart/util/SerialUtilities.java#172,0.0
org/jfree/chart/util/SerialUtilities.java#175,0.0
org/jfree/chart/util/SerialUtilities.java#178,0.0
org/jfree/chart/util/SerialUtilities.java#194,0.0
org/jfree/chart/util/SerialUtilities.java#195,0.0
org/jfree/chart/util/SerialUtilities.java#197,0.0
org/jfree/chart/util/SerialUtilities.java#198,0.0
org/jfree/chart/util/SerialUtilities.java#199,0.0
org/jfree/chart/util/SerialUtilities.java#200,0.0
org/jfree/chart/util/SerialUtilities.java#201,0.0
org/jfree/chart/util/SerialUtilities.java#202,0.0
org/jfree/chart/util/SerialUtilities.java#203,0.0
org/jfree/chart/util/SerialUtilities.java#204,0.0
org/jfree/chart/util/SerialUtilities.java#205,0.0
org/jfree/chart/util/SerialUtilities.java#206,0.0
org/jfree/chart/util/SerialUtilities.java#207,0.0
org/jfree/chart/util/SerialUtilities.java#208,0.0
org/jfree/chart/util/SerialUtilities.java#209,0.0
org/jfree/chart/util/SerialUtilities.java#210,0.0
org/jfree/chart/util/SerialUtilities.java#212,0.0
org/jfree/chart/util/SerialUtilities.java#215,0.0
org/jfree/chart/util/SerialUtilities.java#233,0.0
org/jfree/chart/util/SerialUtilities.java#234,0.0
org/jfree/chart/util/SerialUtilities.java#236,0.0
org/jfree/chart/util/SerialUtilities.java#237,0.0
org/jfree/chart/util/SerialUtilities.java#238,0.0
org/jfree/chart/util/SerialUtilities.java#239,0.0
org/jfree/chart/util/SerialUtilities.java#240,0.0
org/jfree/chart/util/SerialUtilities.java#241,0.0
org/jfree/chart/util/SerialUtilities.java#242,0.0
org/jfree/chart/util/SerialUtilities.java#243,0.0
org/jfree/chart/util/SerialUtilities.java#244,0.0
org/jfree/chart/util/SerialUtilities.java#245,0.0
org/jfree/chart/util/SerialUtilities.java#246,0.0
org/jfree/chart/util/SerialUtilities.java#247,0.0
org/jfree/chart/util/SerialUtilities.java#249,0.0
org/jfree/chart/util/SerialUtilities.java#250,0.0
org/jfree/chart/util/SerialUtilities.java#254,0.0
org/jfree/chart/util/SerialUtilities.java#256,0.0
org/jfree/chart/util/SerialUtilities.java#272,0.0
org/jfree/chart/util/SerialUtilities.java#273,0.0
org/jfree/chart/util/SerialUtilities.java#275,0.0
org/jfree/chart/util/SerialUtilities.java#276,0.0
org/jfree/chart/util/SerialUtilities.java#277,0.0
org/jfree/chart/util/SerialUtilities.java#278,0.0
org/jfree/chart/util/SerialUtilities.java#279,0.0
org/jfree/chart/util/SerialUtilities.java#280,0.0
org/jfree/chart/util/SerialUtilities.java#281,0.0
org/jfree/chart/util/SerialUtilities.java#282,0.0
org/jfree/chart/util/SerialUtilities.java#283,0.0
org/jfree/chart/util/SerialUtilities.java#284,0.0
org/jfree/chart/util/SerialUtilities.java#285,0.0
org/jfree/chart/util/SerialUtilities.java#286,0.0
org/jfree/chart/util/SerialUtilities.java#287,0.0
org/jfree/chart/util/SerialUtilities.java#288,0.0
org/jfree/chart/util/SerialUtilities.java#289,0.0
org/jfree/chart/util/SerialUtilities.java#290,0.0
org/jfree/chart/util/SerialUtilities.java#291,0.0
org/jfree/chart/util/SerialUtilities.java#292,0.0
org/jfree/chart/util/SerialUtilities.java#293,0.0
org/jfree/chart/util/SerialUtilities.java#294,0.0
org/jfree/chart/util/SerialUtilities.java#295,0.0
org/jfree/chart/util/SerialUtilities.java#296,0.0
org/jfree/chart/util/SerialUtilities.java#297,0.0
org/jfree/chart/util/SerialUtilities.java#298,0.0
org/jfree/chart/util/SerialUtilities.java#299,0.0
org/jfree/chart/util/SerialUtilities.java#300,0.0
org/jfree/chart/util/SerialUtilities.java#301,0.0
org/jfree/chart/util/SerialUtilities.java#302,0.0
org/jfree/chart/util/SerialUtilities.java#303,0.0
org/jfree/chart/util/SerialUtilities.java#304,0.0
org/jfree/chart/util/SerialUtilities.java#305,0.0
org/jfree/chart/util/SerialUtilities.java#306,0.0
org/jfree/chart/util/SerialUtilities.java#307,0.0
org/jfree/chart/util/SerialUtilities.java#308,0.0
org/jfree/chart/util/SerialUtilities.java#309,0.0
org/jfree/chart/util/SerialUtilities.java#310,0.0
org/jfree/chart/util/SerialUtilities.java#311,0.0
org/jfree/chart/util/SerialUtilities.java#312,0.0
org/jfree/chart/util/SerialUtilities.java#313,0.0
org/jfree/chart/util/SerialUtilities.java#314,0.0
org/jfree/chart/util/SerialUtilities.java#315,0.0
org/jfree/chart/util/SerialUtilities.java#316,0.0
org/jfree/chart/util/SerialUtilities.java#317,0.0
org/jfree/chart/util/SerialUtilities.java#319,0.0
org/jfree/chart/util/SerialUtilities.java#321,0.0
org/jfree/chart/util/SerialUtilities.java#322,0.0
org/jfree/chart/util/SerialUtilities.java#324,0.0
org/jfree/chart/util/SerialUtilities.java#325,0.0
org/jfree/chart/util/SerialUtilities.java#327,0.0
org/jfree/chart/util/SerialUtilities.java#328,0.0
org/jfree/chart/util/SerialUtilities.java#329,0.0
org/jfree/chart/util/SerialUtilities.java#331,0.0
org/jfree/chart/util/SerialUtilities.java#332,0.0
org/jfree/chart/util/SerialUtilities.java#334,0.0
org/jfree/chart/util/SerialUtilities.java#335,0.0
org/jfree/chart/util/SerialUtilities.java#337,0.0
org/jfree/chart/util/SerialUtilities.java#338,0.0
org/jfree/chart/util/SerialUtilities.java#340,0.0
org/jfree/chart/util/SerialUtilities.java#341,0.0
org/jfree/chart/util/SerialUtilities.java#342,0.0
org/jfree/chart/util/SerialUtilities.java#343,0.0
org/jfree/chart/util/SerialUtilities.java#344,0.0
org/jfree/chart/util/SerialUtilities.java#346,0.0
org/jfree/chart/util/SerialUtilities.java#349,0.0
org/jfree/chart/util/SerialUtilities.java#364,0.0
org/jfree/chart/util/SerialUtilities.java#365,0.0
org/jfree/chart/util/SerialUtilities.java#367,0.0
org/jfree/chart/util/SerialUtilities.java#368,0.0
org/jfree/chart/util/SerialUtilities.java#369,0.0
org/jfree/chart/util/SerialUtilities.java#370,0.0
org/jfree/chart/util/SerialUtilities.java#371,0.0
org/jfree/chart/util/SerialUtilities.java#372,0.0
org/jfree/chart/util/SerialUtilities.java#373,0.0
org/jfree/chart/util/SerialUtilities.java#374,0.0
org/jfree/chart/util/SerialUtilities.java#375,0.0
org/jfree/chart/util/SerialUtilities.java#376,0.0
org/jfree/chart/util/SerialUtilities.java#377,0.0
org/jfree/chart/util/SerialUtilities.java#378,0.0
org/jfree/chart/util/SerialUtilities.java#379,0.0
org/jfree/chart/util/SerialUtilities.java#380,0.0
org/jfree/chart/util/SerialUtilities.java#381,0.0
org/jfree/chart/util/SerialUtilities.java#382,0.0
org/jfree/chart/util/SerialUtilities.java#383,0.0
org/jfree/chart/util/SerialUtilities.java#384,0.0
org/jfree/chart/util/SerialUtilities.java#385,0.0
org/jfree/chart/util/SerialUtilities.java#386,0.0
org/jfree/chart/util/SerialUtilities.java#387,0.0
org/jfree/chart/util/SerialUtilities.java#388,0.0
org/jfree/chart/util/SerialUtilities.java#389,0.0
org/jfree/chart/util/SerialUtilities.java#390,0.0
org/jfree/chart/util/SerialUtilities.java#391,0.0
org/jfree/chart/util/SerialUtilities.java#392,0.0
org/jfree/chart/util/SerialUtilities.java#393,0.0
org/jfree/chart/util/SerialUtilities.java#394,0.0
org/jfree/chart/util/SerialUtilities.java#395,0.0
org/jfree/chart/util/SerialUtilities.java#396,0.0
org/jfree/chart/util/SerialUtilities.java#397,0.0
org/jfree/chart/util/SerialUtilities.java#398,0.0
org/jfree/chart/util/SerialUtilities.java#399,0.0
org/jfree/chart/util/SerialUtilities.java#400,0.0
org/jfree/chart/util/SerialUtilities.java#401,0.0
org/jfree/chart/util/SerialUtilities.java#402,0.0
org/jfree/chart/util/SerialUtilities.java#403,0.0
org/jfree/chart/util/SerialUtilities.java#404,0.0
org/jfree/chart/util/SerialUtilities.java#405,0.0
org/jfree/chart/util/SerialUtilities.java#406,0.0
org/jfree/chart/util/SerialUtilities.java#407,0.0
org/jfree/chart/util/SerialUtilities.java#408,0.0
org/jfree/chart/util/SerialUtilities.java#409,0.0
org/jfree/chart/util/SerialUtilities.java#410,0.0
org/jfree/chart/util/SerialUtilities.java#411,0.0
org/jfree/chart/util/SerialUtilities.java#414,0.0
org/jfree/chart/util/SerialUtilities.java#415,0.0
org/jfree/chart/util/SerialUtilities.java#417,0.0
org/jfree/chart/util/SerialUtilities.java#418,0.0
org/jfree/chart/util/SerialUtilities.java#419,0.0
org/jfree/chart/util/SerialUtilities.java#420,0.0
org/jfree/chart/util/SerialUtilities.java#421,0.0
org/jfree/chart/util/SerialUtilities.java#423,0.0
org/jfree/chart/util/SerialUtilities.java#424,0.0
org/jfree/chart/util/SerialUtilities.java#428,0.0
org/jfree/chart/util/SerialUtilities.java#430,0.0
org/jfree/chart/util/SerialUtilities.java#445,0.0
org/jfree/chart/util/SerialUtilities.java#446,0.0
org/jfree/chart/util/SerialUtilities.java#448,0.0
org/jfree/chart/util/SerialUtilities.java#449,0.0
org/jfree/chart/util/SerialUtilities.java#450,0.0
org/jfree/chart/util/SerialUtilities.java#451,0.0
org/jfree/chart/util/SerialUtilities.java#452,0.0
org/jfree/chart/util/SerialUtilities.java#453,0.0
org/jfree/chart/util/SerialUtilities.java#455,0.0
org/jfree/chart/util/SerialUtilities.java#470,0.0
org/jfree/chart/util/SerialUtilities.java#471,0.0
org/jfree/chart/util/SerialUtilities.java#473,0.0
org/jfree/chart/util/SerialUtilities.java#474,0.0
org/jfree/chart/util/SerialUtilities.java#475,0.0
org/jfree/chart/util/SerialUtilities.java#476,0.0
org/jfree/chart/util/SerialUtilities.java#479,0.0
org/jfree/chart/util/SerialUtilities.java#481,0.0
org/jfree/chart/util/SerialUtilities.java#499,0.0
org/jfree/chart/util/SerialUtilities.java#500,0.0
org/jfree/chart/util/SerialUtilities.java#502,0.0
org/jfree/chart/util/SerialUtilities.java#503,0.0
org/jfree/chart/util/SerialUtilities.java#504,0.0
org/jfree/chart/util/SerialUtilities.java#506,0.0
org/jfree/chart/util/SerialUtilities.java#507,0.0
org/jfree/chart/util/SerialUtilities.java#508,0.0
org/jfree/chart/util/SerialUtilities.java#509,0.0
org/jfree/chart/util/SerialUtilities.java#510,0.0
org/jfree/chart/util/SerialUtilities.java#511,0.0
org/jfree/chart/util/SerialUtilities.java#512,0.0
org/jfree/chart/util/SerialUtilities.java#513,0.0
org/jfree/chart/util/SerialUtilities.java#514,0.0
org/jfree/chart/util/SerialUtilities.java#515,0.0
org/jfree/chart/util/SerialUtilities.java#516,0.0
org/jfree/chart/util/SerialUtilities.java#518,0.0
org/jfree/chart/util/SerialUtilities.java#532,0.0
org/jfree/chart/util/SerialUtilities.java#533,0.0
org/jfree/chart/util/SerialUtilities.java#535,0.0
org/jfree/chart/util/SerialUtilities.java#536,0.0
org/jfree/chart/util/SerialUtilities.java#537,0.0
org/jfree/chart/util/SerialUtilities.java#540,0.0
org/jfree/chart/util/SerialUtilities.java#541,0.0
org/jfree/chart/util/SerialUtilities.java#542,0.0
org/jfree/chart/util/SerialUtilities.java#543,0.0
org/jfree/chart/util/SerialUtilities.java#544,0.0
org/jfree/chart/util/SerialUtilities.java#546,0.0
org/jfree/chart/util/SerialUtilities.java#549,0.0
org/jfree/chart/util/SerialUtilities.java#550,0.0
org/jfree/chart/util/SerialUtilities.java#551,0.0
org/jfree/chart/util/SerialUtilities.java#555,0.0
org/jfree/chart/util/SerialUtilities.java#558,0.0
org/jfree/chart/util/SerialUtilities.java#559,0.0
org/jfree/chart/util/SerialUtilities.java#562,0.0
org/jfree/chart/util/SerialUtilities.java#563,0.0
org/jfree/chart/util/SerialUtilities.java#564,0.0
org/jfree/chart/util/SerialUtilities.java#565,0.0
org/jfree/chart/util/SerialUtilities.java#568,0.0
org/jfree/chart/util/SerialUtilities.java#569,0.0
org/jfree/chart/util/SerialUtilities.java#572,0.0
org/jfree/chart/util/SerialUtilities.java#575,0.0
org/jfree/chart/util/SerialUtilities.java#594,0.0
org/jfree/chart/util/SerialUtilities.java#595,0.0
org/jfree/chart/util/SerialUtilities.java#597,0.0
org/jfree/chart/util/SerialUtilities.java#598,0.0
org/jfree/chart/util/SerialUtilities.java#599,0.0
org/jfree/chart/util/SerialUtilities.java#600,0.0
org/jfree/chart/util/SerialUtilities.java#602,0.0
org/jfree/chart/util/SerialUtilities.java#617,0.0
org/jfree/chart/util/SerialUtilities.java#618,0.0
org/jfree/chart/util/SerialUtilities.java#619,0.0
org/jfree/chart/util/SerialUtilities.java#622,0.0
org/jfree/chart/util/SerialUtilities.java#623,0.0
org/jfree/chart/util/SerialUtilities.java#624,0.0
org/jfree/chart/util/SerialUtilities.java#625,0.0
org/jfree/chart/util/SerialUtilities.java#626,0.0
org/jfree/chart/util/SerialUtilities.java#628,0.0
org/jfree/chart/util/SerialUtilities.java#629,0.0
org/jfree/data/time/TimeSeries.java#142,0.0
org/jfree/data/time/TimeSeries.java#143,0.0
org/jfree/data/time/TimeSeries.java#144,0.0
org/jfree/data/time/TimeSeries.java#155,0.0
org/jfree/data/time/TimeSeries.java#156,0.0
org/jfree/data/time/TimeSeries.java#157,0.0
org/jfree/data/time/TimeSeries.java#174,0.0
org/jfree/data/time/TimeSeries.java#175,0.0
org/jfree/data/time/TimeSeries.java#176,0.0
org/jfree/data/time/TimeSeries.java#177,0.0
org/jfree/data/time/TimeSeries.java#178,0.0
org/jfree/data/time/TimeSeries.java#179,0.0
org/jfree/data/time/TimeSeries.java#180,0.0
org/jfree/data/time/TimeSeries.java#181,0.0
org/jfree/data/time/TimeSeries.java#191,0.0
org/jfree/data/time/TimeSeries.java#204,0.0
org/jfree/data/time/TimeSeries.java#205,0.0
org/jfree/data/time/TimeSeries.java#206,0.0
org/jfree/data/time/TimeSeries.java#207,0.0
org/jfree/data/time/TimeSeries.java#217,0.0
org/jfree/data/time/TimeSeries.java#229,0.0
org/jfree/data/time/TimeSeries.java#230,0.0
org/jfree/data/time/TimeSeries.java#231,0.0
org/jfree/data/time/TimeSeries.java#232,0.0
org/jfree/data/time/TimeSeries.java#240,0.0
org/jfree/data/time/TimeSeries.java#250,0.0
org/jfree/data/time/TimeSeries.java#262,0.0
org/jfree/data/time/TimeSeries.java#277,0.0
org/jfree/data/time/TimeSeries.java#278,0.0
org/jfree/data/time/TimeSeries.java#280,0.0
org/jfree/data/time/TimeSeries.java#281,0.0
org/jfree/data/time/TimeSeries.java#282,0.0
org/jfree/data/time/TimeSeries.java#283,0.0
org/jfree/data/time/TimeSeries.java#285,0.0
org/jfree/data/time/TimeSeries.java#295,0.0
org/jfree/data/time/TimeSeries.java#311,0.0
org/jfree/data/time/TimeSeries.java#312,0.0
org/jfree/data/time/TimeSeries.java#314,0.0
org/jfree/data/time/TimeSeries.java#315,0.0
org/jfree/data/time/TimeSeries.java#316,0.0
org/jfree/data/time/TimeSeries.java#328,0.0
org/jfree/data/time/TimeSeries.java#341,0.0
org/jfree/data/time/TimeSeries.java#355,0.0
org/jfree/data/time/TimeSeries.java#356,0.0
org/jfree/data/time/TimeSeries.java#357,0.0
org/jfree/data/time/TimeSeries.java#360,0.0
org/jfree/data/time/TimeSeries.java#372,0.0
org/jfree/data/time/TimeSeries.java#382,0.0
org/jfree/data/time/TimeSeries.java#383,0.0
org/jfree/data/time/TimeSeries.java#392,0.0
org/jfree/data/time/TimeSeries.java#393,0.0
org/jfree/data/time/TimeSeries.java#394,0.0
org/jfree/data/time/TimeSeries.java#396,0.0
org/jfree/data/time/TimeSeries.java#409,0.0
org/jfree/data/time/TimeSeries.java#410,0.0
org/jfree/data/time/TimeSeries.java#411,0.0
org/jfree/data/time/TimeSeries.java#412,0.0
org/jfree/data/time/TimeSeries.java#413,0.0
org/jfree/data/time/TimeSeries.java#414,0.0
org/jfree/data/time/TimeSeries.java#417,0.0
org/jfree/data/time/TimeSeries.java#430,0.0
org/jfree/data/time/TimeSeries.java#431,0.0
org/jfree/data/time/TimeSeries.java#433,0.0
org/jfree/data/time/TimeSeries.java#434,0.0
org/jfree/data/time/TimeSeries.java#435,0.0
org/jfree/data/time/TimeSeries.java#446,0.0
org/jfree/data/time/TimeSeries.java#459,0.0
org/jfree/data/time/TimeSeries.java#460,0.0
org/jfree/data/time/TimeSeries.java#461,0.0
org/jfree/data/time/TimeSeries.java#464,0.0
org/jfree/data/time/TimeSeries.java#478,0.0
org/jfree/data/time/TimeSeries.java#479,0.0
org/jfree/data/time/TimeSeries.java#491,0.0
org/jfree/data/time/TimeSeries.java#492,0.0
org/jfree/data/time/TimeSeries.java#494,0.0
org/jfree/data/time/TimeSeries.java#495,0.0
org/jfree/data/time/TimeSeries.java#496,0.0
org/jfree/data/time/TimeSeries.java#497,0.0
org/jfree/data/time/TimeSeries.java#498,0.0
org/jfree/data/time/TimeSeries.java#499,0.0
org/jfree/data/time/TimeSeries.java#500,0.0
org/jfree/data/time/TimeSeries.java#501,0.0
org/jfree/data/time/TimeSeries.java#502,0.0
org/jfree/data/time/TimeSeries.java#506,0.0
org/jfree/data/time/TimeSeries.java#507,0.0
org/jfree/data/time/TimeSeries.java#508,0.0
org/jfree/data/time/TimeSeries.java#509,0.0
org/jfree/data/time/TimeSeries.java#510,0.0
org/jfree/data/time/TimeSeries.java#513,0.0
org/jfree/data/time/TimeSeries.java#514,0.0
org/jfree/data/time/TimeSeries.java#515,0.0
org/jfree/data/time/TimeSeries.java#516,0.0
org/jfree/data/time/TimeSeries.java#519,0.0
org/jfree/data/time/TimeSeries.java#520,0.0
org/jfree/data/time/TimeSeries.java#521,0.0
org/jfree/data/time/TimeSeries.java#522,0.0
org/jfree/data/time/TimeSeries.java#525,0.0
org/jfree/data/time/TimeSeries.java#526,0.0
org/jfree/data/time/TimeSeries.java#527,0.0
org/jfree/data/time/TimeSeries.java#528,0.0
org/jfree/data/time/TimeSeries.java#529,0.0
org/jfree/data/time/TimeSeries.java#530,0.0
org/jfree/data/time/TimeSeries.java#531,0.0
org/jfree/data/time/TimeSeries.java#532,0.0
org/jfree/data/time/TimeSeries.java#536,0.0
org/jfree/data/time/TimeSeries.java#538,0.0
org/jfree/data/time/TimeSeries.java#539,0.0
org/jfree/data/time/TimeSeries.java#542,0.0
org/jfree/data/time/TimeSeries.java#545,0.0
org/jfree/data/time/TimeSeries.java#546,0.0
org/jfree/data/time/TimeSeries.java#550,0.0
org/jfree/data/time/TimeSeries.java#561,0.0
org/jfree/data/time/TimeSeries.java#562,0.0
org/jfree/data/time/TimeSeries.java#574,0.0
org/jfree/data/time/TimeSeries.java#575,0.0
org/jfree/data/time/TimeSeries.java#576,0.0
org/jfree/data/time/TimeSeries.java#588,0.0
org/jfree/data/time/TimeSeries.java#589,0.0
org/jfree/data/time/TimeSeries.java#602,0.0
org/jfree/data/time/TimeSeries.java#603,0.0
org/jfree/data/time/TimeSeries.java#604,0.0
org/jfree/data/time/TimeSeries.java#614,0.0
org/jfree/data/time/TimeSeries.java#615,0.0
org/jfree/data/time/TimeSeries.java#616,0.0
org/jfree/data/time/TimeSeries.java#617,0.0
org/jfree/data/time/TimeSeries.java#618,0.0
org/jfree/data/time/TimeSeries.java#619,0.0
org/jfree/data/time/TimeSeries.java#620,0.0
org/jfree/data/time/TimeSeries.java#622,0.0
org/jfree/data/time/TimeSeries.java#623,0.0
org/jfree/data/time/TimeSeries.java#627,0.0
org/jfree/data/time/TimeSeries.java#636,0.0
org/jfree/data/time/TimeSeries.java#637,0.0
org/jfree/data/time/TimeSeries.java#638,0.0
org/jfree/data/time/TimeSeries.java#639,0.0
org/jfree/data/time/TimeSeries.java#650,0.0
org/jfree/data/time/TimeSeries.java#651,0.0
org/jfree/data/time/TimeSeries.java#652,0.0
org/jfree/data/time/TimeSeries.java#653,0.0
org/jfree/data/time/TimeSeries.java#654,0.0
org/jfree/data/time/TimeSeries.java#655,0.0
org/jfree/data/time/TimeSeries.java#656,0.0
org/jfree/data/time/TimeSeries.java#657,0.0
org/jfree/data/time/TimeSeries.java#660,0.0
org/jfree/data/time/TimeSeries.java#677,0.0
org/jfree/data/time/TimeSeries.java#695,0.0
org/jfree/data/time/TimeSeries.java#696,0.0
org/jfree/data/time/TimeSeries.java#698,0.0
org/jfree/data/time/TimeSeries.java#700,0.0
org/jfree/data/time/TimeSeries.java#701,0.0
org/jfree/data/time/TimeSeries.java#702,0.0
org/jfree/data/time/TimeSeries.java#703,0.0
org/jfree/data/time/TimeSeries.java#704,0.0
org/jfree/data/time/TimeSeries.java#705,0.0
org/jfree/data/time/TimeSeries.java#706,0.0
org/jfree/data/time/TimeSeries.java#707,0.0
org/jfree/data/time/TimeSeries.java#710,0.0
org/jfree/data/time/TimeSeries.java#711,0.0
org/jfree/data/time/TimeSeries.java#713,0.0
org/jfree/data/time/TimeSeries.java#716,0.0
org/jfree/data/time/TimeSeries.java#717,0.0
org/jfree/data/time/TimeSeries.java#720,0.0
org/jfree/data/time/TimeSeries.java#723,0.0
org/jfree/data/time/TimeSeries.java#725,0.0
org/jfree/data/time/TimeSeries.java#740,0.0
org/jfree/data/time/TimeSeries.java#741,0.0
org/jfree/data/time/TimeSeries.java#742,0.0
org/jfree/data/time/TimeSeries.java#744,0.0
org/jfree/data/time/TimeSeries.java#745,0.0
org/jfree/data/time/TimeSeries.java#746,0.0
org/jfree/data/time/TimeSeries.java#748,0.0
org/jfree/data/time/TimeSeries.java#749,0.0
org/jfree/data/time/TimeSeries.java#752,0.0
org/jfree/data/time/TimeSeries.java#767,0.0
org/jfree/data/time/TimeSeries.java#769,0.0
org/jfree/data/time/TimeSeries.java#770,0.0
org/jfree/data/time/TimeSeries.java#771,0.0
org/jfree/data/time/TimeSeries.java#772,0.0
org/jfree/data/time/TimeSeries.java#773,0.0
org/jfree/data/time/TimeSeries.java#774,0.0
org/jfree/data/time/TimeSeries.java#775,0.0
org/jfree/data/time/TimeSeries.java#785,0.0
org/jfree/data/time/TimeSeries.java#777,0.0
org/jfree/data/time/TimeSeries.java#778,0.0
org/jfree/data/time/TimeSeries.java#780,0.0
org/jfree/data/time/TimeSeries.java#781,0.0
org/jfree/data/time/TimeSeries.java#783,0.0
org/jfree/data/time/TimeSeries.java#784,0.0
org/jfree/data/time/TimeSeries.java#789,0.0
org/jfree/data/time/TimeSeries.java#790,0.0
org/jfree/data/time/TimeSeries.java#791,0.0
org/jfree/data/time/TimeSeries.java#792,0.0
org/jfree/data/time/TimeSeries.java#793,0.0
org/jfree/data/time/TimeSeries.java#795,0.0
org/jfree/data/time/TimeSeries.java#796,0.0
org/jfree/data/time/TimeSeries.java#798,0.0
org/jfree/data/time/TimeSeries.java#805,0.0
org/jfree/data/time/TimeSeries.java#806,0.0
org/jfree/data/time/TimeSeries.java#807,0.0
org/jfree/data/time/TimeSeries.java#809,0.0
org/jfree/data/time/TimeSeries.java#820,0.0
org/jfree/data/time/TimeSeries.java#821,0.0
org/jfree/data/time/TimeSeries.java#822,0.0
org/jfree/data/time/TimeSeries.java#823,0.0
org/jfree/data/time/TimeSeries.java#825,0.0
org/jfree/data/time/TimeSeries.java#834,0.0
org/jfree/data/time/TimeSeries.java#835,0.0
org/jfree/data/time/TimeSeries.java#837,0.0
org/jfree/data/time/TimeSeries.java#838,0.0
org/jfree/data/time/TimeSeries.java#840,0.0
org/jfree/data/time/TimeSeries.java#841,0.0
org/jfree/data/time/TimeSeries.java#859,0.0
org/jfree/data/time/TimeSeries.java#860,0.0
org/jfree/data/time/TimeSeries.java#861,0.0
org/jfree/data/time/TimeSeries.java#879,0.0
org/jfree/data/time/TimeSeries.java#880,0.0
org/jfree/data/time/TimeSeries.java#882,0.0
org/jfree/data/time/TimeSeries.java#883,0.0
org/jfree/data/time/TimeSeries.java#885,0.0
org/jfree/data/time/TimeSeries.java#887,0.0
org/jfree/data/time/TimeSeries.java#888,0.0
org/jfree/data/time/TimeSeries.java#889,0.0
org/jfree/data/time/TimeSeries.java#890,0.0
org/jfree/data/time/TimeSeries.java#891,0.0
org/jfree/data/time/TimeSeries.java#892,0.0
org/jfree/data/time/TimeSeries.java#894,0.0
org/jfree/data/time/TimeSeries.java#898,0.0
org/jfree/data/time/TimeSeries.java#896,0.0
org/jfree/data/time/TimeSeries.java#897,0.0
org/jfree/data/time/TimeSeries.java#901,0.0
org/jfree/data/time/TimeSeries.java#921,0.0
org/jfree/data/time/TimeSeries.java#922,0.0
org/jfree/data/time/TimeSeries.java#924,0.0
org/jfree/data/time/TimeSeries.java#925,0.0
org/jfree/data/time/TimeSeries.java#927,0.0
org/jfree/data/time/TimeSeries.java#928,0.0
org/jfree/data/time/TimeSeries.java#929,0.0
org/jfree/data/time/TimeSeries.java#931,0.0
org/jfree/data/time/TimeSeries.java#932,0.0
org/jfree/data/time/TimeSeries.java#933,0.0
org/jfree/data/time/TimeSeries.java#934,0.0
org/jfree/data/time/TimeSeries.java#935,0.0
org/jfree/data/time/TimeSeries.java#936,0.0
org/jfree/data/time/TimeSeries.java#939,0.0
org/jfree/data/time/TimeSeries.java#940,0.0
org/jfree/data/time/TimeSeries.java#941,0.0
org/jfree/data/time/TimeSeries.java#942,0.0
org/jfree/data/time/TimeSeries.java#944,0.0
org/jfree/data/time/TimeSeries.java#945,0.0
org/jfree/data/time/TimeSeries.java#947,0.0
org/jfree/data/time/TimeSeries.java#948,0.0
org/jfree/data/time/TimeSeries.java#949,0.0
org/jfree/data/time/TimeSeries.java#950,0.0
org/jfree/data/time/TimeSeries.java#953,0.0
org/jfree/data/time/TimeSeries.java#966,0.0
org/jfree/data/time/TimeSeries.java#967,0.0
org/jfree/data/time/TimeSeries.java#969,0.0
org/jfree/data/time/TimeSeries.java#970,0.0
org/jfree/data/time/TimeSeries.java#972,0.0
org/jfree/data/time/TimeSeries.java#973,0.0
org/jfree/data/time/TimeSeries.java#974,0.0
org/jfree/data/time/TimeSeries.java#975,0.0
org/jfree/data/time/TimeSeries.java#978,0.0
org/jfree/data/time/TimeSeries.java#979,0.0
org/jfree/data/time/TimeSeries.java#980,0.0
org/jfree/data/time/TimeSeries.java#983,0.0
org/jfree/data/time/TimeSeries.java#984,0.0
org/jfree/data/time/TimeSeries.java#987,0.0
org/jfree/data/time/TimeSeries.java#988,0.0
org/jfree/data/time/TimeSeries.java#991,0.0
org/jfree/data/time/TimeSeries.java#992,0.0
org/jfree/data/time/TimeSeries.java#995,0.0
org/jfree/data/time/TimeSeries.java#996,0.0
org/jfree/data/time/TimeSeries.java#997,0.0
org/jfree/data/time/TimeSeries.java#999,0.0
org/jfree/data/time/TimeSeries.java#1000,0.0
org/jfree/data/time/TimeSeries.java#1001,0.0
org/jfree/data/time/TimeSeries.java#1004,0.0
org/jfree/data/time/TimeSeries.java#1013,0.0
org/jfree/data/time/TimeSeries.java#1014,0.0
org/jfree/data/time/TimeSeries.java#1015,0.0
org/jfree/data/time/TimeSeries.java#1016,0.0
org/jfree/data/time/TimeSeries.java#1017,0.0
org/jfree/data/time/TimeSeries.java#1018,0.0
org/jfree/data/time/TimeSeries.java#1021,0.0
org/jfree/data/time/TimeSeries.java#1022,0.0
org/jfree/data/time/TimeSeries.java#1023,0.0
org/jfree/data/time/TimeSeries.java#1024,0.0
org/jfree/data/time/TimeSeries.java#1026,0.0
org/jfree/data/time/TimeSeries.java#1027,0.0
org/jfree/data/time/TimeSeries.java#1028,0.0
org/jfree/data/time/TimeSeries.java#1030,0.0
org/jfree/data/time/TimeSeries.java#1031,0.0
org/jfree/data/time/TimeSeries.java#1032,0.0
org/jfree/data/time/TimeSeries.java#1034,0.0
org/jfree/data/time/TimeSeries.java#1035,0.0
org/jfree/data/time/TimeSeries.java#1036,0.0
org/jfree/data/time/RegularTimePeriod.java#71,0.0
org/jfree/data/time/RegularTimePeriod.java#72,0.0
org/jfree/data/time/RegularTimePeriod.java#72,0.0
org/jfree/data/time/RegularTimePeriod.java#86,0.0
org/jfree/data/time/RegularTimePeriod.java#88,0.0
org/jfree/data/time/RegularTimePeriod.java#89,0.0
org/jfree/data/time/RegularTimePeriod.java#89,0.0
org/jfree/data/time/RegularTimePeriod.java#90,0.0
org/jfree/data/time/RegularTimePeriod.java#91,0.0
org/jfree/data/time/RegularTimePeriod.java#91,0.0
org/jfree/data/time/RegularTimePeriod.java#95,0.0
org/jfree/data/time/RegularTimePeriod.java#93,0.0
org/jfree/data/time/RegularTimePeriod.java#96,0.0
org/jfree/data/time/RegularTimePeriod.java#108,0.0
org/jfree/data/time/RegularTimePeriod.java#109,0.0
org/jfree/data/time/RegularTimePeriod.java#111,0.0
org/jfree/data/time/RegularTimePeriod.java#112,0.0
org/jfree/data/time/RegularTimePeriod.java#114,0.0
org/jfree/data/time/RegularTimePeriod.java#115,0.0
org/jfree/data/time/RegularTimePeriod.java#117,0.0
org/jfree/data/time/RegularTimePeriod.java#118,0.0
org/jfree/data/time/RegularTimePeriod.java#120,0.0
org/jfree/data/time/RegularTimePeriod.java#121,0.0
org/jfree/data/time/RegularTimePeriod.java#123,0.0
org/jfree/data/time/RegularTimePeriod.java#124,0.0
org/jfree/data/time/RegularTimePeriod.java#126,0.0
org/jfree/data/time/RegularTimePeriod.java#127,0.0
org/jfree/data/time/RegularTimePeriod.java#130,0.0
org/jfree/data/time/RegularTimePeriod.java#178,0.0
org/jfree/data/time/RegularTimePeriod.java#190,0.0
org/jfree/data/time/RegularTimePeriod.java#250,0.0
org/jfree/data/time/RegularTimePeriod.java#251,0.0
org/jfree/data/time/RegularTimePeriod.java#252,0.0
org/jfree/data/time/RegularTimePeriod.java#264,0.0
org/jfree/data/time/RegularTimePeriod.java#265,0.0
org/jfree/data/time/RegularTimePeriod.java#266,0.0
org/jfree/data/time/RegularTimePeriod.java#275,0.0
org/jfree/data/time/Day.java#113,0.0
org/jfree/data/time/Day.java#114,0.0
org/jfree/data/time/Day.java#123,0.0
org/jfree/data/time/Day.java#124,0.0
org/jfree/data/time/Day.java#125,0.0
org/jfree/data/time/Day.java#126,0.0
org/jfree/data/time/Day.java#133,0.0
org/jfree/data/time/Day.java#134,0.0
org/jfree/data/time/Day.java#135,0.0
org/jfree/data/time/Day.java#137,0.0
org/jfree/data/time/Day.java#138,0.0
org/jfree/data/time/Day.java#139,0.0
org/jfree/data/time/Day.java#151,0.0
org/jfree/data/time/Day.java#152,0.0
org/jfree/data/time/Day.java#160,0.0
org/jfree/data/time/Day.java#162,0.0
org/jfree/data/time/Day.java#163,0.0
org/jfree/data/time/Day.java#165,0.0
org/jfree/data/time/Day.java#166,0.0
org/jfree/data/time/Day.java#168,0.0
org/jfree/data/time/Day.java#169,0.0
org/jfree/data/time/Day.java#170,0.0
org/jfree/data/time/Day.java#171,0.0
org/jfree/data/time/Day.java#172,0.0
org/jfree/data/time/Day.java#173,0.0
org/jfree/data/time/Day.java#174,0.0
org/jfree/data/time/Day.java#175,0.0
org/jfree/data/time/Day.java#84,0.0
org/jfree/data/time/Day.java#85,0.0
org/jfree/data/time/Day.java#89,0.0
org/jfree/data/time/Day.java#93,0.0
org/jfree/data/time/Day.java#97,0.0
org/jfree/data/time/Day.java#187,0.0
org/jfree/data/time/Day.java#196,0.0
org/jfree/data/time/Day.java#205,0.0
org/jfree/data/time/Day.java#214,0.0
org/jfree/data/time/Day.java#228,0.0
org/jfree/data/time/Day.java#242,0.0
org/jfree/data/time/Day.java#254,0.0
org/jfree/data/time/Day.java#255,0.0
org/jfree/data/time/Day.java#256,0.0
org/jfree/data/time/Day.java#266,0.0
org/jfree/data/time/Day.java#267,0.0
org/jfree/data/time/Day.java#268,0.0
org/jfree/data/time/Day.java#269,0.0
org/jfree/data/time/Day.java#272,0.0
org/jfree/data/time/Day.java#274,0.0
org/jfree/data/time/Day.java#288,0.0
org/jfree/data/time/Day.java#289,0.0
org/jfree/data/time/Day.java#290,0.0
org/jfree/data/time/Day.java#291,0.0
org/jfree/data/time/Day.java#294,0.0
org/jfree/data/time/Day.java#296,0.0
org/jfree/data/time/Day.java#306,0.0
org/jfree/data/time/Day.java#321,0.0
org/jfree/data/time/Day.java#322,0.0
org/jfree/data/time/Day.java#323,0.0
org/jfree/data/time/Day.java#324,0.0
org/jfree/data/time/Day.java#325,0.0
org/jfree/data/time/Day.java#326,0.0
org/jfree/data/time/Day.java#328,0.0
org/jfree/data/time/Day.java#343,0.0
org/jfree/data/time/Day.java#344,0.0
org/jfree/data/time/Day.java#345,0.0
org/jfree/data/time/Day.java#346,0.0
org/jfree/data/time/Day.java#347,0.0
org/jfree/data/time/Day.java#348,0.0
org/jfree/data/time/Day.java#350,0.0
org/jfree/data/time/Day.java#365,0.0
org/jfree/data/time/Day.java#366,0.0
org/jfree/data/time/Day.java#368,0.0
org/jfree/data/time/Day.java#369,0.0
org/jfree/data/time/Day.java#371,0.0
org/jfree/data/time/Day.java#372,0.0
org/jfree/data/time/Day.java#373,0.0
org/jfree/data/time/Day.java#375,0.0
org/jfree/data/time/Day.java#389,0.0
org/jfree/data/time/Day.java#408,0.0
org/jfree/data/time/Day.java#409,0.0
org/jfree/data/time/Day.java#410,0.0
org/jfree/data/time/Day.java#411,0.0
org/jfree/data/time/Day.java#415,0.0
org/jfree/data/time/Day.java#417,0.0
org/jfree/data/time/Day.java#424,0.0
org/jfree/data/time/Day.java#427,0.0
org/jfree/data/time/Day.java#437,0.0
org/jfree/data/time/Day.java#454,0.0
org/jfree/data/time/Day.java#456,0.0
org/jfree/data/time/Day.java#458,0.0
org/jfree/data/time/Day.java#460,0.0
org/jfree/data/time/Day.java#464,0.0
org/jfree/data/time/SerialDate.java#210,0.0
org/jfree/data/time/SerialDate.java#211,0.0
org/jfree/data/time/SerialDate.java#92,0.0
org/jfree/data/time/SerialDate.java#137,0.0
org/jfree/data/time/SerialDate.java#138,0.0
org/jfree/data/time/SerialDate.java#141,0.0
org/jfree/data/time/SerialDate.java#142,0.0
org/jfree/data/time/SerialDate.java#145,0.0
org/jfree/data/time/SerialDate.java#146,0.0
org/jfree/data/time/SerialDate.java#149,0.0
org/jfree/data/time/SerialDate.java#150,0.0
org/jfree/data/time/SerialDate.java#156,0.0
org/jfree/data/time/SerialDate.java#157,0.0
org/jfree/data/time/SerialDate.java#224,0.0
org/jfree/data/time/SerialDate.java#232,0.0
org/jfree/data/time/SerialDate.java#234,0.0
org/jfree/data/time/SerialDate.java#249,0.0
org/jfree/data/time/SerialDate.java#250,0.0
org/jfree/data/time/SerialDate.java#251,0.0
org/jfree/data/time/SerialDate.java#253,0.0
org/jfree/data/time/SerialDate.java#254,0.0
org/jfree/data/time/SerialDate.java#255,0.0
org/jfree/data/time/SerialDate.java#256,0.0
org/jfree/data/time/SerialDate.java#257,0.0
org/jfree/data/time/SerialDate.java#258,0.0
org/jfree/data/time/SerialDate.java#260,0.0
org/jfree/data/time/SerialDate.java#261,0.0
org/jfree/data/time/SerialDate.java#262,0.0
org/jfree/data/time/SerialDate.java#265,0.0
org/jfree/data/time/SerialDate.java#280,0.0
org/jfree/data/time/SerialDate.java#281,0.0
org/jfree/data/time/SerialDate.java#292,0.0
org/jfree/data/time/SerialDate.java#306,0.0
org/jfree/data/time/SerialDate.java#307,0.0
org/jfree/data/time/SerialDate.java#310,0.0
org/jfree/data/time/SerialDate.java#325,0.0
org/jfree/data/time/SerialDate.java#338,0.0
org/jfree/data/time/SerialDate.java#340,0.0
org/jfree/data/time/SerialDate.java#354,0.0
org/jfree/data/time/SerialDate.java#357,0.0
org/jfree/data/time/SerialDate.java#360,0.0
org/jfree/data/time/SerialDate.java#363,0.0
org/jfree/data/time/SerialDate.java#366,0.0
org/jfree/data/time/SerialDate.java#367,0.0
org/jfree/data/time/SerialDate.java#368,0.0
org/jfree/data/time/SerialDate.java#385,0.0
org/jfree/data/time/SerialDate.java#405,0.0
org/jfree/data/time/SerialDate.java#406,0.0
org/jfree/data/time/SerialDate.java#407,0.0
org/jfree/data/time/SerialDate.java#412,0.0
org/jfree/data/time/SerialDate.java#413,0.0
org/jfree/data/time/SerialDate.java#416,0.0
org/jfree/data/time/SerialDate.java#419,0.0
org/jfree/data/time/SerialDate.java#437,0.0
org/jfree/data/time/SerialDate.java#438,0.0
org/jfree/data/time/SerialDate.java#440,0.0
org/jfree/data/time/SerialDate.java#441,0.0
org/jfree/data/time/SerialDate.java#445,0.0
org/jfree/data/time/SerialDate.java#449,0.0
org/jfree/data/time/SerialDate.java#447,0.0
org/jfree/data/time/SerialDate.java#452,0.0
org/jfree/data/time/SerialDate.java#453,0.0
org/jfree/data/time/SerialDate.java#454,0.0
org/jfree/data/time/SerialDate.java#455,0.0
org/jfree/data/time/SerialDate.java#456,0.0
org/jfree/data/time/SerialDate.java#458,0.0
org/jfree/data/time/SerialDate.java#459,0.0
org/jfree/data/time/SerialDate.java#460,0.0
org/jfree/data/time/SerialDate.java#465,0.0
org/jfree/data/time/SerialDate.java#479,0.0
org/jfree/data/time/SerialDate.java#484,0.0
org/jfree/data/time/SerialDate.java#485,0.0
org/jfree/data/time/SerialDate.java#499,0.0
org/jfree/data/time/SerialDate.java#500,0.0
org/jfree/data/time/SerialDate.java#502,0.0
org/jfree/data/time/SerialDate.java#503,0.0
org/jfree/data/time/SerialDate.java#505,0.0
org/jfree/data/time/SerialDate.java#506,0.0
org/jfree/data/time/SerialDate.java#509,0.0
org/jfree/data/time/SerialDate.java#526,0.0
org/jfree/data/time/SerialDate.java#527,0.0
org/jfree/data/time/SerialDate.java#528,0.0
org/jfree/data/time/SerialDate.java#529,0.0
org/jfree/data/time/SerialDate.java#544,0.0
org/jfree/data/time/SerialDate.java#545,0.0
org/jfree/data/time/SerialDate.java#546,0.0
org/jfree/data/time/SerialDate.java#548,0.0
org/jfree/data/time/SerialDate.java#549,0.0
org/jfree/data/time/SerialDate.java#552,0.0
org/jfree/data/time/SerialDate.java#568,0.0
org/jfree/data/time/SerialDate.java#569,0.0
org/jfree/data/time/SerialDate.java#588,0.0
org/jfree/data/time/SerialDate.java#589,0.0
org/jfree/data/time/SerialDate.java#590,0.0
org/jfree/data/time/SerialDate.java#591,0.0
org/jfree/data/time/SerialDate.java#592,0.0
org/jfree/data/time/SerialDate.java#593,0.0
org/jfree/data/time/SerialDate.java#595,0.0
org/jfree/data/time/SerialDate.java#610,0.0
org/jfree/data/time/SerialDate.java#611,0.0
org/jfree/data/time/SerialDate.java#612,0.0
org/jfree/data/time/SerialDate.java#614,0.0
org/jfree/data/time/SerialDate.java#615,0.0
org/jfree/data/time/SerialDate.java#616,0.0
org/jfree/data/time/SerialDate.java#619,0.0
org/jfree/data/time/SerialDate.java#637,0.0
org/jfree/data/time/SerialDate.java#638,0.0
org/jfree/data/time/SerialDate.java#639,0.0
org/jfree/data/time/SerialDate.java#645,0.0
org/jfree/data/time/SerialDate.java#646,0.0
org/jfree/data/time/SerialDate.java#647,0.0
org/jfree/data/time/SerialDate.java#650,0.0
org/jfree/data/time/SerialDate.java#653,0.0
org/jfree/data/time/SerialDate.java#671,0.0
org/jfree/data/time/SerialDate.java#672,0.0
org/jfree/data/time/SerialDate.java#673,0.0
org/jfree/data/time/SerialDate.java#679,0.0
org/jfree/data/time/SerialDate.java#680,0.0
org/jfree/data/time/SerialDate.java#681,0.0
org/jfree/data/time/SerialDate.java#684,0.0
org/jfree/data/time/SerialDate.java#687,0.0
org/jfree/data/time/SerialDate.java#704,0.0
org/jfree/data/time/SerialDate.java#705,0.0
org/jfree/data/time/SerialDate.java#706,0.0
org/jfree/data/time/SerialDate.java#711,0.0
org/jfree/data/time/SerialDate.java#712,0.0
org/jfree/data/time/SerialDate.java#713,0.0
org/jfree/data/time/SerialDate.java#714,0.0
org/jfree/data/time/SerialDate.java#716,0.0
org/jfree/data/time/SerialDate.java#717,0.0
org/jfree/data/time/SerialDate.java#719,0.0
org/jfree/data/time/SerialDate.java#731,0.0
org/jfree/data/time/SerialDate.java#732,0.0
org/jfree/data/time/SerialDate.java#734,0.0
org/jfree/data/time/SerialDate.java#748,0.0
org/jfree/data/time/SerialDate.java#749,0.0
org/jfree/data/time/SerialDate.java#750,0.0
org/jfree/data/time/SerialDate.java#751,0.0
org/jfree/data/time/SerialDate.java#752,0.0
org/jfree/data/time/SerialDate.java#753,0.0
org/jfree/data/time/SerialDate.java#755,0.0
org/jfree/data/time/SerialDate.java#771,0.0
org/jfree/data/time/SerialDate.java#772,0.0
org/jfree/data/time/SerialDate.java#773,0.0
org/jfree/data/time/SerialDate.java#774,0.0
org/jfree/data/time/SerialDate.java#775,0.0
org/jfree/data/time/SerialDate.java#792,0.0
org/jfree/data/time/SerialDate.java#804,0.0
org/jfree/data/time/SerialDate.java#816,0.0
org/jfree/data/time/SerialDate.java#817,0.0
org/jfree/data/time/SerialDate.java#818,0.0
org/jfree/data/time/SerialDate.java#819,0.0
org/jfree/data/time/SerialDate.java#820,0.0
org/jfree/data/time/SerialDate.java#849,0.0
org/jfree/data/time/SerialDate.java#859,0.0
org/jfree/data/time/SerialDate.java#860,0.0
org/jfree/data/time/SerialDate.java#868,0.0
org/jfree/data/time/SerialDate.java#869,0.0
org/jfree/data/time/SerialDate.java#1005,0.0
org/jfree/data/time/SerialDate.java#1018,0.0
org/jfree/data/time/SerialDate.java#1029,0.0
org/jfree/data/time/SpreadsheetDate.java#107,0.0
org/jfree/data/time/SpreadsheetDate.java#109,0.0
org/jfree/data/time/SpreadsheetDate.java#110,0.0
org/jfree/data/time/SpreadsheetDate.java#113,0.0
org/jfree/data/time/SpreadsheetDate.java#114,0.0
org/jfree/data/time/SpreadsheetDate.java#118,0.0
org/jfree/data/time/SpreadsheetDate.java#119,0.0
org/jfree/data/time/SpreadsheetDate.java#120,0.0
org/jfree/data/time/SpreadsheetDate.java#123,0.0
org/jfree/data/time/SpreadsheetDate.java#124,0.0
org/jfree/data/time/SpreadsheetDate.java#128,0.0
org/jfree/data/time/SpreadsheetDate.java#129,0.0
org/jfree/data/time/SpreadsheetDate.java#132,0.0
org/jfree/data/time/SpreadsheetDate.java#136,0.0
org/jfree/data/time/SpreadsheetDate.java#138,0.0
org/jfree/data/time/SpreadsheetDate.java#146,0.0
org/jfree/data/time/SpreadsheetDate.java#148,0.0
org/jfree/data/time/SpreadsheetDate.java#149,0.0
org/jfree/data/time/SpreadsheetDate.java#152,0.0
org/jfree/data/time/SpreadsheetDate.java#153,0.0
org/jfree/data/time/SpreadsheetDate.java#158,0.0
org/jfree/data/time/SpreadsheetDate.java#160,0.0
org/jfree/data/time/SpreadsheetDate.java#161,0.0
org/jfree/data/time/SpreadsheetDate.java#162,0.0
org/jfree/data/time/SpreadsheetDate.java#164,0.0
org/jfree/data/time/SpreadsheetDate.java#166,0.0
org/jfree/data/time/SpreadsheetDate.java#167,0.0
org/jfree/data/time/SpreadsheetDate.java#170,0.0
org/jfree/data/time/SpreadsheetDate.java#171,0.0
org/jfree/data/time/SpreadsheetDate.java#172,0.0
org/jfree/data/time/SpreadsheetDate.java#173,0.0
org/jfree/data/time/SpreadsheetDate.java#175,0.0
org/jfree/data/time/SpreadsheetDate.java#178,0.0
org/jfree/data/time/SpreadsheetDate.java#180,0.0
org/jfree/data/time/SpreadsheetDate.java#181,0.0
org/jfree/data/time/SpreadsheetDate.java#183,0.0
org/jfree/data/time/SpreadsheetDate.java#184,0.0
org/jfree/data/time/SpreadsheetDate.java#185,0.0
org/jfree/data/time/SpreadsheetDate.java#189,0.0
org/jfree/data/time/SpreadsheetDate.java#190,0.0
org/jfree/data/time/SpreadsheetDate.java#191,0.0
org/jfree/data/time/SpreadsheetDate.java#192,0.0
org/jfree/data/time/SpreadsheetDate.java#193,0.0
org/jfree/data/time/SpreadsheetDate.java#195,0.0
org/jfree/data/time/SpreadsheetDate.java#198,0.0
org/jfree/data/time/SpreadsheetDate.java#199,0.0
org/jfree/data/time/SpreadsheetDate.java#201,0.0
org/jfree/data/time/SpreadsheetDate.java#211,0.0
org/jfree/data/time/SpreadsheetDate.java#220,0.0
org/jfree/data/time/SpreadsheetDate.java#221,0.0
org/jfree/data/time/SpreadsheetDate.java#222,0.0
org/jfree/data/time/SpreadsheetDate.java#231,0.0
org/jfree/data/time/SpreadsheetDate.java#240,0.0
org/jfree/data/time/SpreadsheetDate.java#249,0.0
org/jfree/data/time/SpreadsheetDate.java#263,0.0
org/jfree/data/time/SpreadsheetDate.java#279,0.0
org/jfree/data/time/SpreadsheetDate.java#280,0.0
org/jfree/data/time/SpreadsheetDate.java#281,0.0
org/jfree/data/time/SpreadsheetDate.java#284,0.0
org/jfree/data/time/SpreadsheetDate.java#295,0.0
org/jfree/data/time/SpreadsheetDate.java#308,0.0
org/jfree/data/time/SpreadsheetDate.java#320,0.0
org/jfree/data/time/SpreadsheetDate.java#333,0.0
org/jfree/data/time/SpreadsheetDate.java#346,0.0
org/jfree/data/time/SpreadsheetDate.java#359,0.0
org/jfree/data/time/SpreadsheetDate.java#372,0.0
org/jfree/data/time/SpreadsheetDate.java#385,0.0
org/jfree/data/time/SpreadsheetDate.java#399,0.0
org/jfree/data/time/SpreadsheetDate.java#417,0.0
org/jfree/data/time/SpreadsheetDate.java#418,0.0
org/jfree/data/time/SpreadsheetDate.java#419,0.0
org/jfree/data/time/SpreadsheetDate.java#420,0.0
org/jfree/data/time/SpreadsheetDate.java#422,0.0
org/jfree/data/time/SpreadsheetDate.java#423,0.0
org/jfree/data/time/SpreadsheetDate.java#424,0.0
org/jfree/data/time/SpreadsheetDate.java#426,0.0
org/jfree/data/time/SpreadsheetDate.java#427,0.0
org/jfree/data/time/SpreadsheetDate.java#429,0.0
org/jfree/data/time/SpreadsheetDate.java#430,0.0
org/jfree/data/time/SpreadsheetDate.java#433,0.0
org/jfree/data/time/SpreadsheetDate.java#449,0.0
org/jfree/data/time/SpreadsheetDate.java#450,0.0
org/jfree/data/time/SpreadsheetDate.java#451,0.0
org/jfree/data/time/SpreadsheetDate.java#452,0.0
org/jfree/data/time/SpreadsheetDate.java#453,0.0
org/jfree/data/time/SpreadsheetDate.java#456,0.0
org/jfree/data/time/SpreadsheetDate.java#457,0.0
org/jfree/data/time/TimeSeriesDataItem.java#92,0.0
org/jfree/data/time/TimeSeriesDataItem.java#93,0.0
org/jfree/data/time/TimeSeriesDataItem.java#94,0.0
org/jfree/data/time/TimeSeriesDataItem.java#96,0.0
org/jfree/data/time/TimeSeriesDataItem.java#97,0.0
org/jfree/data/time/TimeSeriesDataItem.java#98,0.0
org/jfree/data/time/TimeSeriesDataItem.java#107,0.0
org/jfree/data/time/TimeSeriesDataItem.java#108,0.0
org/jfree/data/time/TimeSeriesDataItem.java#116,0.0
org/jfree/data/time/TimeSeriesDataItem.java#125,0.0
org/jfree/data/time/TimeSeriesDataItem.java#134,0.0
org/jfree/data/time/TimeSeriesDataItem.java#135,0.0
org/jfree/data/time/TimeSeriesDataItem.java#145,0.0
org/jfree/data/time/TimeSeriesDataItem.java#146,0.0
org/jfree/data/time/TimeSeriesDataItem.java#148,0.0
org/jfree/data/time/TimeSeriesDataItem.java#149,0.0
org/jfree/data/time/TimeSeriesDataItem.java#151,0.0
org/jfree/data/time/TimeSeriesDataItem.java#152,0.0
org/jfree/data/time/TimeSeriesDataItem.java#153,0.0
org/jfree/data/time/TimeSeriesDataItem.java#154,0.0
org/jfree/data/time/TimeSeriesDataItem.java#157,0.0
org/jfree/data/time/TimeSeriesDataItem.java#158,0.0
org/jfree/data/time/TimeSeriesDataItem.java#161,0.0
org/jfree/data/time/TimeSeriesDataItem.java#162,0.0
org/jfree/data/time/TimeSeriesDataItem.java#163,0.0
org/jfree/data/time/TimeSeriesDataItem.java#166,0.0
org/jfree/data/time/TimeSeriesDataItem.java#167,0.0
org/jfree/data/time/TimeSeriesDataItem.java#170,0.0
org/jfree/data/time/TimeSeriesDataItem.java#180,0.0
org/jfree/data/time/TimeSeriesDataItem.java#181,0.0
org/jfree/data/time/TimeSeriesDataItem.java#182,0.0
org/jfree/data/time/TimeSeriesDataItem.java#203,0.0
org/jfree/data/time/TimeSeriesDataItem.java#204,0.0
org/jfree/data/time/TimeSeriesDataItem.java#205,0.0
org/jfree/data/time/TimeSeriesDataItem.java#206,0.0
org/jfree/data/time/TimeSeriesDataItem.java#212,0.0
org/jfree/data/time/TimeSeriesDataItem.java#215,0.0
org/jfree/data/time/TimeSeriesDataItem.java#226,0.0
org/jfree/data/time/TimeSeriesDataItem.java#228,0.0
org/jfree/data/time/TimeSeriesDataItem.java#232,0.0
org/jfree/data/time/TimeSeriesDataItem.java#230,0.0
org/jfree/data/time/TimeSeriesDataItem.java#231,0.0
org/jfree/data/time/TimeSeriesDataItem.java#233,0.0
org/jfree/data/general/SeriesException.java#61,0.0
org/jfree/data/general/SeriesException.java#62,0.0
